Wellcome Tag,Question,,Global Total %,Global Total : Unweighted Count,Religion is important : Column N %,Religion is important: Unweighted Count,Religion isnt important: Column N %,Not religious: Unweighted Count,Not religious: Column N %,Male: Unweighted Count,Male: Column N %,Female: Unweighted Count,Female: Column N %,Elementary or less (8 years or less): Unweighted Count,Elementary or less (8 years or less):Column N %,Secondary (8-15 years): Unweighted Count,Secondary (8-15 years): Column N %,Tertiary (16+ years): Unweighted Count,Tertiary (16+ years): Column N %,Poorest 20%:Unweighted Count,Poorest 20%: Column N %,Poorest 20%:Unweighted Count,Second 20%: Column N %,Second 20%: Unweighted Count,Middle 20%: Column N %,Middle 20%: Unweighted Count,Fourth 20%: Column N %,Fourth 20%: Unweighted Count,Richest 20%: Column N %,Richest 20%: Unweighted Count,A rural area or on a farm: Column N %,A rural area or on a farm: Unweighted Count,A small town or village: Column N %,A small town or village: Unweighted Count,A large city: Column N %,A large city: Unweighted Count,A suburb of a large city: Column N %,A suburb of a large city:Unweighted Count,Living comfortably on present income: Column N %,Living comfortably on present income:Unweighted Count,Getting by on present income: Column N %,Getting by on present income:Unweighted Count,Finding it difficult on present income:Column N %,Finding it difficult on present income:Unweighted Count,Finding it very difficult on present income:Column N %,Finding it very difficult on present income:Unweighted Count,15-24:Column N %,15-24:Unweighted Count,25-34:Column N %,25-34:Unweighted Count,35-49: Column N %,35-49: Unweighted Count,50-64: Column N %,50-64:Unweighted Count,65+:Column N %,65+:Unweighted Count,,,,,,,,,,,,,,,,,,,,,,
MH2A,How Much Science Can Explain How the Human Body Works,A lot,46.14%,64881,50.94%,34242,gik,16082,56.31%,8684,48.53%,33601,43.61%,31280,37.52%,6309,48.89%,34484,59.23%,23781,42.69%,8639,44.52%,10032,45.37%,11825,47.53%,14582,50.43%,19203,43.34%,8833,49.40%,22341,44.91%,24532,46.27%,8930,60.78%,20275,43.62%,25873,42.69%,11469,39.95%,6445,50.70%,13258,47.89%,16393,45.96%,16918,41.73%,11091,41.29%,6903,,,,,,,,,,,,,,,,,,,,,,
MH2A,How Much Science Can Explain How the Human Body Works,Some,29.75%,33690,26.07%,18650,25.18%,6969,28.07%,3615,29.16%,17077,30.37%,16613,26.88%,4239,31.30%,19144,31.90%,10126,26.63%,4982,29.26%,5763,30.10%,6714,31.99%,7200,30.95%,8847,28.64%,4832,27.53%,11557,31.47%,12908,32.19%,4257,24.87%,7593,32.32%,15029,31.38%,6790,26.90%,3744,31.90%,6706,29.33%,8690,28.00%,8706,30.24%,5736,28.16%,3644,,,,,,,,,,,,,,,,,,,,,,
MH2A,How Much Science Can Explain How the Human Body Works,Not much,6.97%,8649,7.65%,5358,5.68%,1503,7.32%,714,7.02%,4319,6.91%,4330,7.39%,1543,7.42%,5225,4.02%,1803,7.24%,1516,8.65%,1649,7.80%,1760,5.58%,1746,5.50%,1900,7.22%,1278,6.78%,3063,7.18%,3289,6.42%,978,4.80%,1421,6.74%,3346,8.02%,2192,8.89%,1521,6.15%,1864,7.60%,2406,7.33%,2176,6.51%,1348,7.52%,824,,,,,,,,,,,,,,,,,,,,,,
MH2A,How Much Science Can Explain How the Human Body Works,Not at all,3.29%,3152,3.80%,2017,3.57%,558,2.18%,218,3.27%,1623,3.32%,1529,5.07%,858,2.47%,1761,1.56%,496,3.66%,674,3.36%,595,3.29%,612,3.17%,588,3.01%,660,2.66%,455,2.89%,1074,4.45%,1251,2.23%,359,2.11%,527,2.92%,1052,2.94%,726,6.37%,750,3.58%,732,4.12%,859,2.97%,772,2.51%,487,3.23%,288,,,,,,,,,,,,,,,,,,,,,,
MH2A,How Much Science Can Explain How the Human Body Works,DK/Refused,13.85%,8716,11.55%,5049,9.26%,1433,6.12%,504,12.02%,4102,15.80%,4614,23.13%,2876,9.91%,4497,3.29%,1201,19.77%,1979,14.22%,1751,13.44%,1660,11.73%,1666,10.11%,1545,18.14%,1652,13.41%,3073,12.00%,2959,12.89%,972,7.44%,1485,14.38%,3384,14.97%,1950,17.88%,1516,7.66%,1490,11.06%,2108,15.74%,2304,19.01%,1582,19.80%,1172,,,,,,,,,,,,,,,,,,,,,,
MH2B,How Much Science Can Explain How Feelings and Emotions Work,A lot,26.76%,33445,30.43%,18848,26.93%,7483,26.26%,4060,27.93%,17145,25.51%,16300,25.12%,3965,26.98%,17558,30.27%,11744,26.35%,4752,27.43%,5293,27.21%,6129,25.69%,7306,26.88%,9568,28.34%,4931,27.57%,11383,26.24%,12710,23.92%,4298,33.59%,10117,24.93%,12762,24.91%,6242,25.85%,3830,28.37%,6880,27.95%,8754,26.82%,8862,24.68%,5495,24.71%,3309,,,,,,,,,,,,,,,,,,,,,,
MH2B,How Much Science Can Explain How Feelings and Emotions Work,Some,37.09%,44926,34.24%,23525,37.53%,10576,41.42%,5841,37.50%,23084,36.67%,21842,30.41%,4690,39.91%,24515,44.88%,15506,31.95%,6107,34.55%,7384,36.01%,8570,41.38%,10025,41.81%,12599,32.29%,6258,35.88%,15853,39.05%,16576,42.87%,6070,38.37%,12573,38.82%,19468,37.45%,8130,30.77%,4174,40.50%,8790,36.25%,11049,35.98%,11653,36.90%,8040,33.50%,5150,,,,,,,,,,,,,,,,,,,,,,
MH2B,How Much Science Can Explain How Feelings and Emotions Work,Not much,13.07%,18978,13.41%,10528,13.53%,4123,17.05%,2193,12.73%,9671,13.42%,9307,11.47%,2255,14.02%,10892,13.91%,5711,12.53%,2806,14.08%,3175,13.23%,3652,12.65%,4096,12.76%,5095,12.12%,2451,13.87%,6519,12.73%,7473,13.29%,2467,12.50%,4282,13.16%,7894,13.55%,4100,13.25%,2421,13.10%,4079,14.04%,5065,12.84%,4807,12.18%,3064,13.02%,1857,,,,,,,,,,,,,,,,,,,,,,
MH2B,How Much Science Can Explain How Feelings and Emotions Work,Not at all,7.74%,10136,8.12%,5825,9.50%,2037,6.30%,838,7.79%,5288,7.68%,4848,9.36%,1732,7.05%,5882,5.81%,2456,8.98%,1703,7.32%,1715,8.11%,1931,6.92%,2122,7.38%,2597,7.38%,1326,7.55%,3345,8.32%,4142,7.18%,1277,5.97%,2082,7.35%,3929,7.62%,2168,11.40%,1753,7.93%,2293,9.14%,2826,7.31%,2579,7.05%,1581,6.82%,811,,,,,,,,,,,,,,,,,,,,,,
MH2B,How Much Science Can Explain How Feelings and Emotions Work,DK/Refused,15.35%,11603,13.80%,6590,12.51%,2326,8.96%,803,14.05%,5534,16.73%,6069,23.64%,3183,12.04%,6264,5.14%,1990,20.19%,2422,16.62%,2223,15.44%,2289,13.36%,2233,11.17%,2296,19.87%,2084,15.13%,4008,13.67%,4038,12.74%,1384,9.56%,2247,15.73%,4631,16.47%,2487,18.73%,1798,10.10%,2008,12.62%,2762,17.05%,2975,19.19%,2064,21.96%,1704,,,,,,,,,,,,,,,,,,,,,,
MH1,Importance of Mental Health For Well-Being,More important,45.52%,53180,53.85%,34036,39.12%,9044,27.25%,3766,46.36%,27771,44.62%,25409,49.46%,8467,45.71%,30462,34.27%,13921,47.38%,8423,44.26%,9073,46.60%,10095,45.44%,11321,43.92%,13847,49.36%,8308,46.55%,18370,44.72%,19984,38.75%,6309,39.66%,12041,43.09%,20265,50.59%,11914,55.30%,8054,45.32%,12030,45.49%,14812,45.78%,13483,47.68%,8052,41.81%,4560,,,,,,,,,,,,,,,,,,,,,,
MH1,Importance of Mental Health For Well-Being,As important,45.94%,60003,34.87%,27635,53.08%,16417,69.63%,9557,44.50%,29671,47.48%,30332,35.60%,5812,49.10%,31357,62.47%,22523,42.35%,8155,43.34%,9531,46.70%,11384,47.82%,13316,49.35%,17052,40.95%,7693,44.17%,20607,46.77%,22868,56.37%,8595,51.12%,18064,50.42%,26433,41.02%,9863,33.68%,4827,44.74%,10453,43.48%,13972,46.12%,16063,46.62%,11420,51.72%,7738,,,,,,,,,,,,,,,,,,,,,,
MH1,Importance of Mental Health For Well-Being,Less important,5.47%,4240,6.88%,2595,5.27%,829,2.65%,340,6.20%,2405,4.69%,1835,8.88%,950,3.82%,2516,2.54%,745,6.29%,812,6.93%,830,4.77%,775,4.45%,864,4.99%,952,5.32%,721,5.30%,1522,6.25%,1529,4.12%,452,5.97%,908,4.35%,1459,5.11%,961,7.04%,804,6.41%,1196,7.47%,1226,4.71%,901,3.82%,552,4.11%,347,,,,,,,,,,,,,,,,,,,,,,
MH1,Importance of Mental Health For Well-Being,DK/Refused,3.07%,1665,4.40%,1050,2.53%,255,0.47%,72,2.94%,875,3.21%,790,6.06%,596,1.36%,776,0.72%,218,3.98%,400,5.47%,356,1.93%,317,2.29%,281,1.74%,304,4.37%,328,3.99%,609,2.27%,558,0.77%,140,3.25%,288,2.14%,527,3.29%,389,3.98%,291,3.54%,371,3.56%,446,3.40%,429,1.88%,220,2.36%,186,,,,,,,,,,,,,,,,,,,,,,
MH3A,How Much Science Helps to Treat Cancer,A lot,48.97%,62121,49.84%,33157,52.62%,14062,57.01%,8044,49.08%,31660,48.86%,30461,46.04%,7555,48.87%,33157,57.30%,21096,48.11%,8779,45.92%,9904,48.72%,11523,50.58%,13684,51.45%,17683,48.19%,8637,48.96%,21153,48.92%,23422,50.21%,8663,57.45%,18608,47.17%,24882,48.17%,11145,45.80%,6630,49.82%,12066,47.73%,15496,49.09%,16074,50.07%,10952,49.35%,7232,,,,,,,,,,,,,,,,,,,,,,
MH3A,How Much Science Helps to Treat Cancer,Some,32.86%,37160,29.56%,20590,29.59%,8533,32.93%,4246,31.81%,18738,33.98%,18422,29.71%,4448,35.58%,20957,31.99%,11550,31.07%,5456,32.29%,6287,34.04%,7320,34.06%,8073,32.90%,9733,31.92%,5122,31.72%,13162,33.62%,14017,35.42%,4713,28.04%,8753,35.99%,16445,32.51%,7315,31.40%,4046,34.51%,7740,31.67%,9428,31.79%,9541,32.75%,6244,33.41%,4004,,,,,,,,,,,,,,,,,,,,,,
MH3A,How Much Science Helps to Treat Cancer,Not much,8.07%,10912,9.01%,6715,8.71%,2442,5.93%,954,8.38%,5595,7.74%,5317,8.41%,1479,8.25%,6467,6.64%,2875,7.79%,1740,9.55%,1920,8.06%,2091,7.29%,2285,7.58%,2756,8.43%,1522,8.57%,3886,7.92%,4203,6.60%,1248,7.86%,2095,7.29%,4299,9.00%,2639,9.38%,1699,6.71%,2274,9.13%,3024,8.54%,2886,7.89%,1710,7.44%,946,,,,,,,,,,,,,,,,,,,,,,
MH3A,How Much Science Helps to Treat Cancer,Not at all,4.80%,4321,6.14%,2727,4.93%,938,2.32%,288,5.56%,2350,3.99%,1971,7.04%,916,3.84%,2435,2.41%,925,5.67%,855,5.27%,779,4.77%,811,4.00%,854,4.30%,989,3.75%,586,4.94%,1541,5.69%,1705,3.82%,478,3.76%,796,4.12%,1412,4.79%,1050,7.44%,958,4.99%,944,5.95%,1207,4.67%,1173,3.89%,698,3.94%,280,,,,,,,,,,,,,,,,,,,,,,
MH3A,How Much Science Helps to Treat Cancer,DK/Refused,5.30%,3574,5.46%,2127,4.15%,570,1.81%,202,5.17%,1796,5.43%,1778,8.79%,1241,3.46%,1667,1.67%,575,7.35%,811,6.98%,739,4.42%,634,4.06%,670,3.78%,712,7.71%,699,5.81%,1208,3.84%,1269,3.95%,359,2.89%,629,5.42%,1337,5.53%,805,5.98%,550,3.97%,736,5.51%,947,5.91%,963,5.41%,534,5.86%,358,,,,,,,,,,,,,,,,,,,,,,
MH3B,How Much Science Helps to Treat Anxiety or Depression,A lot,30.88%,38088,32.54%,21812,29.03%,7848,28.17%,4055,31.72%,19825,29.99%,18263,31.25%,5330,29.97%,20163,33.11%,12380,31.69%,5576,29.96%,6157,29.46%,7050,32.10%,8236,31.06%,10696,32.32%,5471,29.46%,12791,31.10%,14724,31.45%,4945,35.28%,10782,29.56%,14929,29.70%,7206,31.04%,4600,30.22%,7542,29.74%,9972,32.64%,10208,31.96%,6428,29.48%,3782,,,,,,,,,,,,,,,,,,,,,,
MH3B,How Much Science Helps to Treat Anxiety or Depression,Some,39.71%,47472,35.84%,24805,38.93%,11453,48.03%,6374,39.04%,23939,40.43%,23533,33.87%,5119,42.62%,26027,45.20%,16086,35.85%,6589,37.77%,7806,40.93%,9143,42.01%,10629,42.12%,12967,38.03%,6558,39.09%,16731,40.00%,17405,43.32%,6596,39.66%,13057,41.99%,20582,40.79%,8681,32.67%,4485,41.42%,9297,37.84%,11598,37.85%,12103,40.76%,8438,41.79%,5776,,,,,,,,,,,,,,,,,,,,,,
MH3B,How Much Science Helps to Treat Anxiety or Depression,Not much,13.61%,19183,14.22%,10748,17.21%,4594,16.32%,2301,12.97%,9442,14.30%,9741,11.29%,2123,15.30%,11234,14.27%,5724,13.44%,2835,14.57%,3260,13.87%,3699,13.02%,4122,13.00%,5056,11.41%,2417,14.62%,6800,13.90%,7408,13.97%,2485,13.34%,4454,13.19%,7865,13.81%,4115,15.60%,2482,14.14%,4082,13.70%,4934,13.56%,4856,12.41%,3172,14.15%,2014,,,,,,,,,,,,,,,,,,,,,,
MH3B,How Much Science Helps to Treat Anxiety or Depression,Not at all,7.82%,7973,9.64%,4887,9.08%,1659,5.24%,639,8.51%,4218,7.08%,3755,9.99%,1391,6.87%,4586,5.33%,1925,9.25%,1497,7.60%,1314,8.26%,1504,6.15%,1569,7.87%,2025,6.18%,1075,8.75%,2813,8.71%,3172,5.66%,872,6.38%,1575,7.13%,2858,7.33%,1813,12.20%,1579,8.90%,1846,10.05%,2281,7.13%,2074,6.35%,1191,5.21%,546,,,,,,,,,,,,,,,,,,,,,,
MH3B,How Much Science Helps to Treat Anxiety or Depression,DK/Refused,7.97%,5372,7.77%,3064,5.74%,991,2.24%,365,7.76%,2715,8.21%,2657,13.59%,1676,5.25%,2673,2.09%,906,9.77%,1144,10.11%,1092,7.49%,983,6.71%,1010,5.94%,1129,12.05%,1045,8.08%,1815,6.29%,1907,5.60%,563,5.35%,1013,8.13%,2141,8.37%,1139,8.48%,737,5.31%,993,8.66%,1317,8.82%,1396,8.52%,909,9.37%,702,,,,,,,,,,,,,,,,,,,,,,
MH3C,How Much Science Helps to Treat Infectious Diseases,A lot,53.33%,65583,49.80%,34915,54.69%,14891,64.22%,8604,55.27%,34561,51.25%,31022,47.55%,7614,54.26%,34335,65.86%,23334,50.29%,8897,50.91%,10301,53.51%,12087,55.84%,14628,56.20%,19183,53.63%,8995,51.22%,22261,54.12%,24950,55.89%,9142,60.45%,19392,54.11%,26546,51.07%,11856,47.16%,6923,50.86%,12608,50.87%,16534,53.47%,17226,58.01%,11557,55.99%,7308,,,,,,,,,,,,,,,,,,,,,,
MH3C,How Much Science Helps to Treat Infectious Diseases,Some,27.30%,31694,26.61%,18024,25.06%,7067,23.00%,3408,25.99%,15558,28.70%,16136,26.32%,3999,29.03%,18425,23.90%,9088,25.17%,4793,26.09%,5424,29.86%,6390,27.95%,6798,27.52%,8072,25.67%,4465,27.00%,11144,28.40%,11991,27.92%,3977,23.32%,7242,28.10%,13957,29.66%,6438,26.83%,3562,30.04%,6805,27.65%,8193,26.53%,8050,25.54%,5191,24.90%,3294,,,,,,,,,,,,,,,,,,,,,,
MH3C,How Much Science Helps to Treat Infectious Diseases,Not much,7.20%,9623,9.23%,5966,7.77%,2086,6.80%,831,7.35%,4667,7.04%,4956,7.84%,1421,7.43%,5837,4.94%,2290,8.44%,1676,8.72%,1719,6.60%,1867,5.73%,1946,6.30%,2234,6.96%,1293,8.25%,3575,6.55%,3571,6.74%,1130,6.94%,2005,6.25%,3623,7.59%,2261,10.33%,1562,7.15%,2147,7.87%,2596,7.22%,2457,6.55%,1492,6.59%,880,,,,,,,,,,,,,,,,,,,,,,
MH3C,How Much Science Helps to Treat Infectious Diseases,Not at all,5.52%,4978,7.76%,3173,5.79%,1050,2.50%,332,5.86%,2578,5.16%,2400,7.73%,1034,4.60%,2861,2.90%,1026,7.00%,970,6.00%,923,5.23%,928,4.39%,971,4.91%,1099,4.86%,744,6.04%,1839,5.64%,1794,5.04%,573,4.79%,938,4.89%,1708,5.21%,1123,8.33%,1078,6.73%,1152,7.14%,1387,5.09%,1294,3.60%,735,4.04%,394,,,,,,,,,,,,,,,,,,,,,,
MH3C,How Much Science Helps to Treat Infectious Diseases,DK/Refused,6.65%,6210,6.61%,3238,6.69%,1451,3.48%,559,5.53%,2775,7.84%,3435,10.55%,1571,4.69%,3225,2.40%,1283,9.10%,1305,8.27%,1262,4.80%,1107,6.09%,1223,5.07%,1285,8.88%,1069,7.49%,2131,5.29%,2310,4.41%,639,4.50%,1304,6.66%,2541,6.46%,1276,7.36%,758,5.22%,1048,6.48%,1392,7.69%,1610,6.30%,1163,8.48%,944,,,,,,,,,,,,,,,,,,,,,,
MH3D,How Much Science Helps to Treat Obesity,A lot,30.07%,38280,30.76%,21539,27.77%,7735,28.99%,4160,31.14%,20383,28.94%,17897,28.54%,4895,29.87%,20260,35.01%,12927,30.68%,5497,28.25%,6102,29.27%,6873,31.07%,8400,30.95%,11020,29.79%,5142,28.15%,12765,31.81%,15113,30.51%,5104,33.98%,10933,29.35%,15185,29.03%,7072,27.98%,4537,30.98%,8162,30.31%,10343,31.44%,10139,29.28%,6071,25.94%,3412,,,,,,,,,,,,,,,,,,,,,,
MH3D,How Much Science Helps to Treat Obesity,Some,35.48%,42792,32.26%,22339,36.03%,10424,43.47%,5834,34.31%,21381,36.73%,21411,30.20%,4604,37.99%,23389,40.93%,14579,30.58%,5848,33.48%,7041,37.15%,8380,38.68%,9548,37.75%,11732,32.40%,6029,35.36%,15025,36.39%,15697,38.59%,5894,36.63%,11952,37.30%,18524,35.64%,7736,29.79%,4005,36.79%,8197,34.25%,10509,34.01%,10990,36.94%,7639,36.53%,5218,,,,,,,,,,,,,,,,,,,,,,
MH3D,How Much Science Helps to Treat Obesity,Not much,15.48%,20690,16.17%,11529,17.66%,5047,19.18%,2531,15.62%,10119,15.32%,10571,12.98%,2419,17.56%,12123,14.80%,6036,14.70%,3063,16.80%,3549,16.22%,4040,14.57%,4428,14.92%,5375,13.68%,2672,16.39%,7411,15.09%,7847,17.10%,2665,16.28%,4903,14.66%,8551,16.09%,4443,16.80%,2487,15.41%,4117,14.61%,5052,14.96%,5232,15.65%,3695,18.35%,2472,,,,,,,,,,,,,,,,,,,,,,
MH3D,How Much Science Helps to Treat Obesity,Not at all,10.39%,10695,12.91%,6534,11.89%,2362,6.58%,910,10.66%,5427,10.11%,5268,13.49%,1961,9.18%,6119,6.70%,2521,12.83%,1983,10.66%,1847,10.01%,2040,8.78%,2100,9.62%,2600,11.02%,1576,11.37%,3853,10.06%,3972,7.93%,1240,7.50%,2088,9.61%,3894,10.68%,2466,16.29%,2035,11.44%,2235,12.32%,2771,9.65%,2788,9.35%,1814,7.70%,1032,,,,,,,,,,,,,,,,,,,,,,
MH3D,How Much Science Helps to Treat Obesity,DK/Refused,8.57%,5631,7.90%,3375,6.65%,977,1.78%,299,8.26%,2829,8.91%,2802,14.80%,1760,5.40%,2792,2.56%,958,11.21%,1250,10.80%,1090,7.36%,1046,6.90%,1090,6.77%,1146,13.12%,1147,8.73%,1896,6.66%,1987,5.87%,558,5.61%,1005,9.09%,2221,8.56%,1237,9.15%,819,5.37%,1049,8.52%,1427,9.94%,1488,8.79%,919,11.48%,686,,,,,,,,,,,,,,,,,,,,,,
MH4A,Important for National Govt to Fund Research on Cancer,Extremely important,68.69%,89796,74.20%,50616,74.99%,20873,73.78%,10139,67.89%,44943,69.54%,44853,63.36%,11249,70.93%,48963,75.10%,29120,65.72%,13065,66.37%,14607,70.05%,17034,70.17%,19727,71.07%,24595,64.92%,12515,72.23%,31473,67.41%,33451,69.64%,12013,73.53%,24023,67.55%,36891,67.85%,17267,69.34%,10336,68.59%,17190,66.76%,22431,69.23%,23684,69.72%,15885,71.56%,10130,,,,,,,,,,,,,,,,,,,,,,
MH4A,Important for National Govt to Fund Research on Cancer,Somewhat important,21.40%,20332,15.58%,10722,16.16%,4255,22.01%,2963,21.39%,10797,21.42%,9535,21.39%,2795,22.09%,11500,19.33%,5875,22.42%,3102,20.89%,3573,21.32%,3907,21.61%,4274,20.76%,5285,22.77%,2966,18.06%,6996,22.96%,7655,23.31%,2611,17.55%,5006,23.73%,8614,22.57%,4046,18.08%,2283,22.35%,4605,20.49%,5192,20.39%,4956,22.84%,3292,20.72%,2184,,,,,,,,,,,,,,,,,,,,,,
MH4A,Important for National Govt to Fund Research on Cancer,Not too important,2.71%,2972,2.70%,1666,2.63%,681,2.23%,393,3.31%,1694,2.06%,1278,3.45%,448,2.33%,1688,2.16%,822,2.48%,455,3.57%,521,2.52%,558,2.46%,607,2.54%,823,2.71%,368,2.95%,1051,2.74%,1198,2.03%,344,3.13%,690,2.27%,1089,2.93%,670,2.62%,453,2.60%,734,3.28%,851,3.14%,764,1.91%,399,1.68%,209,,,,,,,,,,,,,,,,,,,,,,
MH4A,Important for National Govt to Fund Research on Cancer,Not important at all,2.98%,1832,4.18%,1185,3.60%,415,1.12%,132,3.29%,1071,2.65%,761,4.87%,420,1.93%,989,1.73%,401,3.59%,358,4.14%,357,2.51%,303,2.39%,334,2.26%,456,2.90%,269,2.75%,682,3.66%,681,1.93%,193,3.02%,367,2.18%,537,2.05%,409,6.06%,460,3.57%,492,4.70%,547,2.77%,443,1.32%,234,1.28%,110,,,,,,,,,,,,,,,,,,,,,,
MH4A,Important for National Govt to Fund Research on Cancer,DK/Refused,4.22%,2143,3.35%,1127,2.63%,321,0.85%,107,4.12%,1123,4.32%,1020,6.93%,705,2.72%,965,1.67%,392,5.79%,491,5.03%,405,3.60%,375,3.38%,405,3.37%,458,6.70%,422,4.01%,700,3.22%,779,3.09%,214,2.77%,386,4.27%,787,4.59%,462,3.90%,310,2.89%,485,4.77%,571,4.46%,570,4.20%,302,4.75%,184,,,,,,,,,,,,,,,,,,,,,,
MH4B,Important for National Govt to Fund Research on Anxiety/Depression,Extremely important,49.30%,66898,53.76%,37870,52.32%,15614,55.42%,7689,47.80%,32445,50.90%,34453,44.17%,8507,51.03%,35918,56.93%,22146,48.02%,9801,47.45%,10896,49.71%,12655,50.55%,14643,50.74%,18371,46.55%,9055,50.16%,23369,48.69%,25076,53.32%,9145,52.83%,18064,47.74%,27392,48.60%,12723,51.17%,7817,46.81%,12351,46.59%,16254,49.68%,17751,53.69%,12407,53.63%,7803,,,,,,,,,,,,,,,,,,,,,,
MH4B,Important for National Govt to Fund Research on Anxiety/Depression,Somewhat important,32.32%,34639,26.86%,18264,30.17%,7898,35.70%,4666,32.32%,18532,32.31%,16107,30.23%,4115,34.32%,19578,31.57%,10743,31.12%,4982,31.02%,5819,32.57%,6687,34.24%,7567,32.47%,9203,32.49%,5087,30.03%,12071,34.33%,12747,32.45%,4582,30.48%,9034,34.54%,14750,33.73%,6725,27.15%,3564,34.77%,7336,30.37%,8861,32.06%,8792,31.65%,5607,32.18%,3851,,,,,,,,,,,,,,,,,,,,,,
MH4B,Important for National Govt to Fund Research on Anxiety/Depression,Not too important,7.03%,8198,6.96%,4742,7.76%,1737,5.81%,920,7.59%,4619,6.44%,3579,7.12%,1078,7.07%,4790,6.51%,2269,7.13%,1243,6.31%,1330,8.30%,1563,6.56%,1753,6.88%,2266,6.18%,1143,7.64%,2871,7.22%,3255,6.50%,907,7.00%,1933,6.51%,3205,7.13%,1781,8.52%,1138,7.80%,2048,8.85%,2387,6.46%,2028,5.81%,1115,4.84%,572,,,,,,,,,,,,,,,,,,,,,,
MH4B,Important for National Govt to Fund Research on Anxiety/Depression,Not important at all,4.98%,3963,7.05%,2594,5.40%,784,1.64%,275,5.89%,2272,4.01%,1691,7.10%,823,3.89%,2208,3.11%,892,5.58%,705,6.50%,731,4.45%,686,3.89%,740,4.51%,1071,4.42%,552,5.93%,1459,5.11%,1516,3.24%,418,4.74%,823,4.44%,1288,4.00%,895,7.77%,860,6.24%,1038,7.28%,1209,4.55%,968,2.43%,486,2.78%,243,,,,,,,,,,,,,,,,,,,,,,
MH4B,Important for National Govt to Fund Research on Anxiety/Depression,DK/Refused,6.38%,3377,5.37%,1846,4.34%,512,1.42%,184,6.41%,1760,6.35%,1617,11.38%,1094,3.70%,1611,1.88%,560,8.15%,740,8.72%,687,4.98%,586,4.75%,644,5.39%,706,10.35%,703,6.25%,1132,4.66%,1170,4.49%,323,4.95%,618,6.77%,1283,6.54%,730,5.40%,463,4.38%,733,6.92%,881,7.25%,878,6.42%,497,6.57%,348,,,,,,,,,,,,,,,,,,,,,,
MH5,Someone Local Comfortable Speaking About Anxiety/Depression,Very comfortable,23.62%,26919,30.48%,16315,20.81%,4533,11.91%,1882,24.35%,13971,22.85%,12948,27.79%,4498,21.71%,14996,18.79%,7263,23.28%,4282,22.85%,4466,24.80%,5120,24.22%,5840,23.03%,7031,24.56%,4179,25.15%,9044,23.91%,10390,17.60%,3193,25.69%,6832,21.50%,10329,24.09%,5550,27.52%,3842,25.70%,5856,24.19%,7233,25.29%,7056,21.62%,4313,17.69%,2385,,,,,,,,,,,,,,,,,,,,,,
MH5,Someone Local Comfortable Speaking About Anxiety/Depression,Somewhat comfortable,36.83%,47703,36.21%,25926,42.32%,11325,46.43%,6146,36.94%,24266,36.71%,23437,29.00%,5292,40.88%,26209,43.57%,15953,34.01%,6695,35.38%,7970,37.93%,9131,38.65%,10485,38.20%,13056,34.24%,6401,37.43%,16765,36.73%,17780,39.88%,6578,40.12%,13382,38.22%,20209,35.94%,8806,31.72%,4703,38.90%,9696,35.45%,12028,35.09%,12223,38.17%,8116,37.91%,5409,,,,,,,,,,,,,,,,,,,,,,
MH5,Someone Local Comfortable Speaking About Anxiety/Depression,Not at all comfortable,27.90%,35815,24.87%,19052,30.32%,9190,37.22%,5036,27.31%,17961,28.53%,17854,24.73%,4200,29.42%,19649,31.34%,11776,28.84%,5270,28.84%,5872,27.19%,6726,26.15%,7621,28.16%,9883,24.38%,4707,27.36%,12580,28.56%,13610,33.22%,4776,25.87%,9007,27.57%,14666,28.25%,7091,30.08%,4445,28.12%,6959,29.36%,9087,27.52%,9347,26.11%,6250,27.90%,3944,,,,,,,,,,,,,,,,,,,,,,
MH5,Someone Local Comfortable Speaking About Anxiety/Depression,DK/Refused,11.65%,7651,8.44%,4023,6.55%,1497,4.44%,670,11.40%,3941,11.91%,3710,18.48%,1649,7.99%,3829,6.30%,2029,13.87%,1394,12.93%,1321,10.08%,1402,10.98%,1620,10.61%,1903,16.82%,1279,10.07%,2561,10.79%,2836,9.29%,914,8.31%,1660,12.71%,3171,11.73%,1507,10.68%,893,7.28%,1249,11.00%,1754,12.11%,2011,14.11%,1459,16.51%,1082,,,,,,,,,,,,,,,,,,,,,,
MH6,Friends/Family Have Been Anxious/Depressed,Yes,32.80%,46197,34.53%,25548,36.31%,10277,45.78%,5986,32.41%,22716,33.21%,23481,26.50%,5479,35.91%,25417,38.43%,15045,33.67%,7147,31.83%,7696,31.96%,8648,32.14%,9715,33.84%,12395,29.11%,6236,32.98%,15987,34.13%,17541,34.93%,6220,34.15%,11733,30.25%,17561,35.29%,9765,36.72%,6560,32.57%,9047,32.46%,12095,33.39%,12432,32.58%,8099,33.45%,4300,,,,,,,,,,,,,,,,,,,,,,
MH6,Friends/Family Have Been Anxious/Depressed,No,62.98%,69635,60.63%,37912,59.34%,15606,52.75%,7557,63.41%,36267,62.54%,33368,66.50%,9699,61.51%,37964,59.66%,21595,60.95%,10030,61.82%,11462,64.57%,13324,64.90%,15421,63.19%,19010,64.24%,10239,62.33%,24051,62.91%,26175,62.66%,8912,60.79%,18879,66.10%,29900,60.77%,12707,59.43%,6997,63.67%,14394,62.78%,17495,61.77%,17559,64.33%,11658,62.37%,8158,,,,,,,,,,,,,,,,,,,,,,
MH6,Friends/Family Have Been Anxious/Depressed,DK/Refused,4.22%,3256,4.84%,1856,4.35%,662,1.47%,192,4.18%,1739,4.25%,1517,7.00%,647,2.58%,1730,1.91%,767,5.38%,613,6.35%,632,3.48%,599,2.96%,646,2.97%,750,6.65%,575,4.69%,1070,2.96%,1223,2.40%,364,5.05%,689,3.66%,1223,3.95%,655,3.84%,419,3.77%,609,4.77%,866,4.84%,885,3.09%,487,4.18%,373,,,,,,,,,,,,,,,,,,,,,,
MH7A,Have Been Anxious/Depressed,Yes,19.02%,23971,22.71%,14427,20.33%,4675,21.38%,2728,17.92%,11312,20.19%,12659,17.20%,3464,21.04%,13846,16.83%,6469,22.59%,4404,18.97%,4316,18.39%,4452,17.65%,4802,17.12%,5657,16.66%,3399,20.59%,8287,19.22%,9090,18.34%,3068,16.26%,4700,15.80%,8262,22.31%,5941,28.71%,4720,21.39%,5428,19.79%,6651,19.70%,6281,16.61%,3705,14.34%,1803,,,,,,,,,,,,,,,,,,,,,,
MH7A,Have Been Anxious/Depressed,No,78.39%,92839,74.11%,50168,76.94%,21588,77.98%,10933,79.39%,48166,77.33%,44673,78.06%,11897,77.68%,50196,82.15%,30267,74.42%,12967,76.79%,15043,79.31%,17689,80.94%,20518,80.83%,25965,79.34%,12938,75.72%,32179,79.38%,35098,80.90%,12277,80.07%,25907,82.13%,39657,75.32%,16782,69.29%,9013,76.17%,18113,76.93%,23119,76.77%,23976,82.35%,16249,83.95%,10870,,,,,,,,,,,,,,,,,,,,,,
MH7A,Have Been Anxious/Depressed,DK/Refused,2.59%,1278,3.18%,721,2.73%,282,0.64%,73,2.69%,661,2.48%,617,4.74%,278,1.28%,641,1.02%,285,2.99%,270,4.24%,270,2.31%,238,1.41%,246,2.05%,251,4.00%,229,3.69%,484,1.41%,428,0.76%,116,3.66%,274,2.07%,456,2.37%,231,1.99%,150,2.44%,219,3.28%,332,3.53%,380,1.04%,184,1.70%,147,,,,,,,,,,,,,,,,,,,,,,
"mh_experience Level of experience with anxiety/depression -- none, indirect or direct","mh_experience Level of experience with anxiety/depression -- none, indirect or direct",No experience,61.59%,65648,58.95%,35809,57.77%,14955,49.12%,7065,62.29%,34459,60.84%,31189,67.41%,9115,58.51%,35656,56.98%,20443,59.65%,9347,62.10%,10753,62.42%,12539,62.68%,14620,61.69%,18039,65.67%,9513,60.41%,22679,60.69%,24783,60.24%,8421,62.00%,17950,65.13%,28514,57.49%,11684,54.69%,6199,61.57%,13367,61.88%,16430,60.69%,16617,62.79%,11003,61.00%,7852,,,,,,,,,,,,,,,,,,,,,,
"mh_experience Level of experience with anxiety/depression -- none, indirect or direct","mh_experience Level of experience with anxiety/depression -- none, indirect or direct",Indirect experience,19.39%,28469,18.34%,15080,21.90%,6915,29.50%,3941,19.79%,14368,18.97%,14101,15.40%,3060,20.45%,15181,26.19%,10109,17.76%,3890,18.93%,4560,19.20%,5388,19.68%,6144,21.19%,8177,17.67%,3654,18.99%,9984,20.10%,10743,21.41%,3972,21.74%,8231,19.07%,11599,20.21%,5329,16.60%,2964,17.04%,4965,18.33%,7021,19.61%,7739,20.60%,5430,24.65%,3165,,,,,,,,,,,,,,,,,,,,,,
"mh_experience Level of experience with anxiety/depression -- none, indirect or direct","mh_experience Level of experience with anxiety/depression -- none, indirect or direct",Direct experience,19.02%,23971,22.71%,14427,20.33%,4675,21.38%,2728,17.92%,11312,20.19%,12659,17.20%,3464,21.04%,13846,16.83%,6469,22.59%,4404,18.97%,4316,18.39%,4452,17.65%,4802,17.12%,5657,16.66%,3399,20.59%,8287,19.22%,9090,18.34%,3068,16.26%,4700,15.80%,8262,22.31%,5941,28.71%,4720,21.39%,5428,19.79%,6651,19.70%,6281,16.61%,3705,14.34%,1803,,,,,,,,,,,,,,,,,,,,,,
MH7B,Age When First Felt Anxious/Depressed,1,0.01%,12,0.02%,12,0.00%,0,0.00%,0,0.01%,12,0.02%,5,0.01%,7,0.01%,12,0.02%,7,0.01%,5,0.00%,0,0.00%,0,0.01%,12,0.01%,4,0.00%,1,0.01%,2,0.04%,3,0.01%,2,0.01%,12,0.01%,2,0.01%,2,0.02%,7,0.00%,0,0.00%,0,0.04%,1,0.01%,12,0.01%,1,0.02%,5,0.01%,3,0.02%,3,0.00%,0,0.00%,0,0.01%,12,0.02%,4,0.03%,6,0.01%,2,0.00%,0,0.00%,0
MH7B,Age When First Felt Anxious/Depressed,2,0.12%,16,0.18%,14,0.01%,1,0.00%,0,0.12%,16,0.04%,7,0.18%,9,0.12%,16,0.07%,6,0.15%,6,0.10%,4,0.00%,0,0.12%,16,0.03%,3,0.01%,2,0.02%,3,0.05%,3,0.52%,5,0.12%,16,0.09%,3,0.02%,4,0.26%,8,0.00%,0,0.00%,0,0.02%,1,0.12%,16,0.01%,1,0.04%,6,0.36%,4,0.03%,5,0.00%,0,0.00%,0,0.12%,16,0.37%,7,0.05%,7,0.00%,0,0.05%,1,0.00%,1
MH7B,Age When First Felt Anxious/Depressed,3,0.04%,15,0.01%,9,0.14%,3,0.04%,2,0.04%,15,0.02%,6,0.05%,9,0.04%,15,0.01%,2,0.06%,11,0.04%,2,0.00%,0,0.04%,15,0.00%,0,0.02%,3,0.12%,3,0.02%,3,0.04%,6,0.04%,15,0.00%,1,0.03%,7,0.07%,5,0.00%,0,0.00%,0,0.01%,2,0.04%,15,0.01%,3,0.02%,6,0.00%,1,0.03%,4,1.81%,1,0.00%,0,0.04%,15,0.02%,3,0.11%,7,0.02%,3,0.00%,0,0.02%,2
MH7B,Age When First Felt Anxious/Depressed,4,0.04%,11,0.04%,8,0.01%,1,0.24%,2,0.04%,11,0.05%,5,0.04%,6,0.04%,11,0.06%,3,0.01%,6,0.16%,1,0.32%,1,0.04%,11,0.01%,3,0.10%,4,0.01%,1,0.01%,2,0.11%,1,0.04%,11,0.02%,3,0.05%,3,0.06%,3,1.02%,1,0.00%,0,0.01%,1,0.04%,11,0.00%,1,0.07%,4,0.01%,2,0.08%,4,0.00%,0,0.00%,0,0.04%,11,0.00%,1,0.01%,1,0.08%,4,0.02%,3,0.21%,2
MH7B,Age When First Felt Anxious/Depressed,5,0.33%,50,0.37%,27,0.28%,12,0.13%,10,0.33%,50,0.45%,22,0.22%,28,0.33%,50,0.34%,3,0.33%,32,0.26%,12,0.86%,3,0.33%,50,0.63%,12,0.40%,9,0.09%,9,0.31%,9,0.15%,11,0.33%,50,0.04%,7,0.43%,16,0.26%,15,0.00%,0,0.00%,0,0.65%,12,0.33%,50,0.08%,8,0.58%,14,0.18%,16,0.33%,12,0.00%,0,0.00%,0,0.33%,50,0.13%,14,0.62%,19,0.19%,5,0.26%,9,0.85%,3
MH7B,Age When First Felt Anxious/Depressed,6,0.62%,60,0.86%,34,0.26%,14,0.39%,7,0.62%,60,0.64%,28,0.61%,32,0.62%,60,0.41%,7,0.84%,43,0.28%,10,0.00%,0,0.63%,60,2.03%,21,0.33%,14,0.13%,9,0.10%,7,0.20%,9,0.62%,60,0.11%,2,0.10%,13,1.55%,35,0.00%,0,0.00%,0,0.23%,10,0.62%,60,0.44%,9,1.02%,29,0.59%,10,0.18%,12,0.00%,0,0.00%,0,0.63%,60,1.44%,30,0.94%,20,0.04%,6,0.14%,4,0.00%,0
MH7B,Age When First Felt Anxious/Depressed,7,0.28%,46,0.42%,26,0.13%,11,0.08%,8,0.28%,46,0.23%,24,0.33%,22,0.28%,46,0.02%,5,0.50%,29,0.06%,10,0.15%,2,0.28%,46,0.63%,8,0.17%,13,0.04%,8,0.44%,11,0.04%,6,0.28%,46,0.06%,8,0.19%,10,0.16%,18,0.00%,0,0.00%,0,1.21%,10,0.28%,46,0.03%,5,0.29%,20,0.54%,10,0.17%,9,0.02%,1,0.04%,1,0.28%,46,0.36%,20,0.64%,13,0.01%,5,0.08%,5,0.35%,3
MH7B,Age When First Felt Anxious/Depressed,8,0.61%,84,0.38%,45,0.24%,16,1.50%,15,0.61%,84,0.82%,43,0.40%,41,0.61%,84,0.41%,17,0.84%,48,0.14%,18,0.11%,1,0.61%,83,0.58%,14,0.82%,19,0.57%,15,0.94%,22,0.12%,13,0.61%,84,0.64%,11,0.17%,33,0.57%,26,0.14%,1,0.00%,0,1.89%,13,0.61%,84,0.33%,15,0.93%,25,0.76%,28,0.10%,14,0.07%,1,1.40%,1,0.60%,82,1.19%,26,0.37%,28,0.45%,14,0.50%,12,0.02%,2
MH7B,Age When First Felt Anxious/Depressed,9,0.33%,71,0.28%,37,0.47%,13,0.76%,14,0.33%,71,0.31%,34,0.36%,37,0.33%,71,0.36%,8,0.26%,43,0.63%,20,0.00%,0,0.33%,70,0.39%,12,0.47%,18,0.19%,14,0.42%,17,0.16%,9,0.33%,71,0.19%,6,0.33%,23,0.19%,28,4.38%,2,0.00%,0,0.88%,12,0.33%,71,0.39%,15,0.37%,24,0.14%,15,0.50%,17,0.00%,0,0.00%,0,0.34%,71,0.60%,31,0.51%,22,0.22%,13,0.00%,3,0.04%,2
MH7B,Age When First Felt Anxious/Depressed,10,1.28%,208,1.31%,121,1.32%,33,1.62%,34,1.28%,208,1.12%,107,1.44%,101,1.28%,208,1.33%,38,1.44%,136,0.52%,32,0.40%,2,1.28%,204,1.70%,54,1.75%,38,0.91%,41,0.75%,26,1.16%,45,1.28%,208,0.76%,23,1.39%,76,1.27%,79,0.00%,0,0.00%,0,1.84%,30,1.28%,208,1.34%,45,1.44%,71,1.48%,54,0.80%,36,0.11%,2,0.00%,0,1.29%,208,2.44%,99,0.83%,56,0.75%,34,0.97%,7,1.43%,12
MH7B,Age When First Felt Anxious/Depressed,11,0.52%,128,0.19%,64,1.19%,27,0.83%,21,0.52%,128,0.64%,53,0.41%,75,0.52%,128,0.14%,8,0.65%,89,1.00%,31,0.00%,0,0.52%,127,0.56%,25,0.18%,21,0.28%,16,0.83%,35,0.81%,30,0.52%,128,0.84%,20,0.31%,35,0.67%,51,0.00%,0,0.00%,0,0.24%,22,0.52%,128,0.69%,32,0.64%,49,0.44%,31,0.24%,13,0.04%,1,2.59%,2,0.52%,128,1.07%,63,0.33%,28,0.33%,15,0.40%,13,0.19%,9
MH7B,Age When First Felt Anxious/Depressed,12,2.01%,376,1.71%,211,3.48%,73,3.10%,75,2.01%,376,2.24%,181,1.79%,195,2.01%,376,2.05%,51,2.10%,243,1.58%,80,0.67%,2,2.01%,370,1.95%,74,1.77%,77,1.89%,69,2.76%,74,1.72%,76,2.01%,376,0.95%,46,2.49%,138,1.88%,129,2.92%,1,0.00%,0,2.61%,62,2.01%,376,4.33%,87,2.12%,132,0.96%,74,0.95%,74,6.76%,6,0.66%,3,2.02%,375,4.38%,197,1.65%,86,0.92%,57,1.16%,24,0.80%,11
MH7B,Age When First Felt Anxious/Depressed,13,2.03%,355,1.55%,197,3.50%,70,3.75%,63,2.03%,355,1.12%,155,2.89%,200,2.03%,355,1.74%,56,2.44%,233,1.10%,61,0.57%,5,2.02%,349,2.38%,91,2.40%,64,1.44%,68,1.87%,71,1.92%,55,2.03%,355,0.99%,46,2.13%,118,2.24%,127,5.98%,4,1.71%,1,2.58%,59,2.03%,355,1.64%,75,2.16%,115,2.10%,90,2.08%,68,2.30%,5,0.12%,2,2.04%,354,4.48%,225,1.15%,81,2.04%,38,0.17%,6,0.09%,4
MH7B,Age When First Felt Anxious/Depressed,14,2.58%,571,1.80%,298,3.61%,126,4.92%,104,2.58%,571,3.22%,293,1.98%,278,2.58%,571,2.21%,75,3.01%,394,1.38%,95,7.90%,7,2.58%,564,3.29%,117,2.49%,118,2.11%,100,2.52%,109,2.30%,120,2.58%,571,2.72%,92,2.15%,205,2.25%,208,1.29%,2,0.00%,0,4.61%,64,2.58%,571,3.49%,128,2.32%,191,2.56%,131,2.42%,112,0.86%,5,1.09%,4,2.60%,569,5.41%,326,2.82%,134,1.42%,61,0.56%,33,0.71%,15
MH7B,Age When First Felt Anxious/Depressed,15,6.08%,1196,6.19%,720,4.71%,215,7.70%,172,6.08%,1196,5.75%,538,6.38%,658,6.08%,1196,5.90%,156,6.38%,781,5.29%,247,5.30%,12,6.10%,1186,4.05%,205,5.37%,213,8.12%,231,7.56%,242,5.91%,295,6.08%,1196,3.62%,168,6.44%,423,7.84%,481,9.21%,4,6.47%,1,3.56%,119,6.08%,1196,7.60%,295,7.17%,394,5.97%,282,3.41%,211,1.98%,11,0.64%,3,6.07%,1192,13.80%,641,4.58%,286,3.15%,153,2.42%,71,2.04%,41
MH7B,Age When First Felt Anxious/Depressed,16,3.76%,968,3.02%,543,4.81%,192,5.67%,143,3.76%,968,3.48%,463,4.03%,505,3.76%,968,2.32%,103,4.78%,670,3.24%,185,2.95%,10,3.75%,955,3.65%,177,3.78%,186,4.16%,190,2.88%,181,4.30%,221,3.76%,968,4.17%,124,3.06%,329,4.37%,393,1.75%,2,1.88%,1,3.48%,119,3.76%,968,4.71%,225,3.59%,345,3.65%,222,3.58%,160,1.58%,7,1.24%,9,3.77%,967,8.94%,581,3.02%,225,2.26%,117,0.43%,29,0.51%,15
MH7B,Age When First Felt Anxious/Depressed,17,3.95%,998,4.11%,606,3.67%,172,4.25%,120,3.95%,998,3.92%,492,3.98%,506,3.95%,998,2.79%,99,4.94%,715,2.88%,179,1.66%,5,3.95%,983,2.71%,148,4.28%,214,4.74%,209,4.69%,208,3.62%,204,3.95%,998,4.01%,136,3.79%,342,4.55%,411,0.54%,3,0.00%,0,2.71%,106,3.95%,998,3.65%,194,5.37%,386,3.17%,232,2.90%,164,2.04%,18,4.18%,4,3.96%,995,10.36%,598,2.57%,233,1.46%,106,0.89%,38,1.65%,20
MH7B,Age When First Felt Anxious/Depressed,18,5.66%,1349,5.95%,884,4.63%,225,7.77%,131,5.66%,1349,5.68%,669,5.64%,680,5.66%,1349,4.34%,136,6.54%,889,5.51%,313,2.84%,11,5.67%,1335,6.38%,256,5.75%,231,4.81%,249,5.21%,260,6.06%,339,5.66%,1349,4.21%,193,7.27%,471,5.23%,533,0.06%,1,0.00%,0,4.66%,151,5.66%,1349,6.17%,270,4.33%,454,6.88%,348,6.30%,269,0.94%,6,0.84%,2,5.70%,1347,13.36%,690,4.81%,366,2.66%,200,1.83%,63,0.98%,28
MH7B,Age When First Felt Anxious/Depressed,19,3.22%,863,2.97%,542,3.81%,146,3.59%,85,3.22%,863,3.40%,419,3.05%,444,3.22%,863,2.47%,76,3.61%,582,3.73%,203,0.04%,2,3.23%,853,2.71%,156,2.82%,152,3.14%,149,4.43%,181,3.21%,215,3.22%,863,4.43%,131,2.90%,296,2.95%,333,0.00%,0,16.84%,1,3.07%,102,3.22%,863,3.80%,179,3.75%,311,2.41%,199,2.76%,162,3.06%,8,7.57%,4,3.24%,861,8.17%,452,2.78%,269,1.06%,100,0.86%,29,0.44%,11
MH7B,Age When First Felt Anxious/Depressed,20,5.46%,1529,5.75%,988,5.10%,233,5.56%,142,5.46%,1529,6.00%,752,4.95%,777,5.46%,1529,5.80%,195,4.97%,899,6.79%,418,4.68%,17,5.45%,1511,5.13%,303,6.03%,274,6.07%,249,5.68%,321,4.35%,364,5.46%,1529,7.84%,214,5.85%,530,4.11%,602,0.69%,4,1.61%,2,4.88%,177,5.46%,1529,4.59%,261,4.79%,517,6.01%,390,6.75%,337,3.86%,11,5.39%,13,5.46%,1523,6.98%,500,9.36%,572,3.80%,317,2.15%,101,1.12%,33
MH7B,Age When First Felt Anxious/Depressed,21,2.45%,611,2.56%,374,2.31%,114,3.06%,69,2.45%,611,2.85%,300,2.07%,311,2.45%,611,2.08%,61,2.53%,349,3.24%,200,0.15%,1,2.46%,606,2.52%,114,2.59%,88,2.08%,115,2.42%,116,2.66%,173,2.45%,611,2.19%,87,2.55%,215,2.30%,224,3.03%,2,0.00%,0,2.97%,83,2.45%,611,2.75%,137,2.45%,184,2.06%,161,2.81%,123,1.46%,6,0.00%,0,2.47%,608,5.13%,249,3.01%,228,1.01%,92,0.73%,28,0.48%,11
MH7B,Age When First Felt Anxious/Depressed,22,3.19%,817,3.30%,498,4.29%,153,3.22%,86,3.19%,817,4.04%,435,2.39%,382,3.19%,817,3.08%,100,3.01%,445,4.37%,267,2.06%,5,3.21%,813,2.78%,141,2.05%,137,2.45%,148,3.96%,159,5.08%,228,3.19%,817,3.06%,115,3.94%,269,2.92%,332,1.35%,2,2.60%,1,2.11%,98,3.19%,817,3.93%,179,3.27%,275,2.82%,214,2.94%,142,3.94%,3,0.31%,4,3.20%,813,3.96%,215,5.50%,372,2.33%,155,1.16%,48,0.95%,23
MH7B,Age When First Felt Anxious/Depressed,23,1.81%,655,1.59%,393,2.11%,124,1.44%,65,1.81%,655,1.77%,310,1.85%,345,1.81%,655,1.27%,50,1.82%,362,3.28%,237,0.40%,6,1.82%,652,2.29%,109,0.93%,99,2.47%,125,1.81%,140,1.49%,179,1.81%,655,1.27%,106,1.77%,202,2.13%,270,0.26%,2,0.00%,0,1.84%,75,1.81%,655,1.66%,129,1.43%,228,2.51%,177,1.72%,111,0.05%,3,3.82%,7,1.82%,651,1.63%,158,3.42%,308,1.62%,134,0.80%,39,0.33%,12
MH7B,Age When First Felt Anxious/Depressed,24,2.31%,644,2.75%,395,1.47%,102,1.98%,79,2.31%,644,2.01%,316,2.60%,328,2.31%,644,0.89%,62,2.73%,339,2.95%,240,24.18%,3,2.31%,633,2.00%,115,2.25%,106,3.59%,110,1.76%,117,1.98%,185,2.31%,644,3.80%,99,2.11%,195,2.12%,277,0.38%,1,0.00%,0,1.31%,72,2.31%,644,3.01%,141,2.58%,224,2.42%,155,1.22%,116,0.31%,2,2.81%,6,2.32%,642,1.55%,61,5.49%,396,1.68%,124,0.98%,48,0.32%,13
MH7B,Age When First Felt Anxious/Depressed,25,4.88%,1339,5.31%,802,4.68%,246,3.83%,135,4.88%,1339,5.07%,703,4.70%,636,4.88%,1339,5.79%,167,3.96%,726,6.18%,433,9.02%,13,4.89%,1327,3.94%,208,5.46%,232,3.57%,263,6.12%,276,5.68%,348,4.88%,1339,4.47%,201,4.87%,445,4.94%,501,0.79%,2,6.99%,2,5.37%,188,4.88%,1339,5.66%,248,4.23%,456,5.16%,354,5.16%,266,2.26%,10,2.24%,5,4.90%,1332,0.08%,11,10.62%,735,5.58%,379,4.76%,146,1.60%,61
MH7B,Age When First Felt Anxious/Depressed,26,1.31%,464,1.52%,279,1.16%,89,0.92%,40,1.31%,464,1.48%,230,1.15%,234,1.31%,464,1.37%,59,1.18%,243,1.71%,160,1.17%,2,1.32%,462,1.01%,66,1.42%,92,1.48%,66,1.24%,108,1.51%,130,1.31%,464,1.31%,65,1.67%,154,1.02%,179,0.00%,0,0.00%,0,1.16%,66,1.31%,464,1.48%,89,1.18%,163,1.62%,130,1.10%,79,0.06%,2,0.03%,1,1.32%,464,0.00%,0,3.66%,304,1.05%,115,0.83%,32,0.70%,13
MH7B,Age When First Felt Anxious/Depressed,27,1.26%,517,1.18%,314,1.38%,87,1.63%,52,1.26%,517,1.22%,258,1.31%,259,1.26%,517,0.98%,53,1.22%,270,2.26%,192,0.43%,2,1.26%,508,0.93%,82,1.28%,91,1.58%,80,0.81%,99,1.77%,156,1.26%,517,1.69%,75,1.19%,175,1.05%,196,0.85%,3,2.05%,2,1.45%,66,1.26%,517,1.44%,99,1.07%,177,1.08%,122,1.69%,109,1.62%,10,0.00%,0,1.27%,516,0.00%,0,3.58%,332,1.09%,134,0.43%,32,1.05%,18
MH7B,Age When First Felt Anxious/Depressed,28,1.84%,567,1.90%,350,1.55%,97,0.99%,46,1.84%,567,2.06%,264,1.63%,303,1.84%,567,1.49%,83,2.01%,286,2.11%,196,0.04%,2,1.84%,561,1.91%,94,2.03%,89,1.41%,111,1.81%,125,2.01%,142,1.84%,567,1.24%,80,2.17%,187,2.00%,237,0.26%,1,1.15%,1,1.36%,61,1.84%,567,2.41%,101,1.77%,208,1.70%,120,1.79%,134,0.21%,4,0.00%,0,1.85%,565,0.06%,6,4.31%,326,2.41%,166,0.43%,42,1.34%,25
MH7B,Age When First Felt Anxious/Depressed,29,1.27%,326,1.19%,197,0.82%,59,0.98%,29,1.27%,326,1.49%,157,1.06%,169,1.27%,326,1.23%,46,1.07%,169,2.30%,111,0.00%,0,1.27%,322,0.72%,47,1.88%,65,0.93%,46,0.84%,68,2.11%,96,1.27%,326,0.95%,32,1.23%,111,1.64%,136,0.47%,1,0.00%,0,0.84%,46,1.27%,326,1.51%,75,1.69%,117,1.18%,79,0.57%,53,0.02%,1,0.06%,1,1.06%,323,0.06%,1,3.09%,204,1.05%,93,0.15%,12,0.19%,13
MH7B,Age When First Felt Anxious/Depressed,30,5.29%,1184,5.25%,703,4.19%,241,3.82%,128,5.29%,1184,4.44%,524,6.10%,660,5.29%,1184,5.70%,206,5.10%,606,5.24%,366,1.62%,6,5.31%,1169,3.94%,208,6.96%,234,6.37%,232,3.94%,227,5.54%,268,5.29%,1184,4.84%,143,5.01%,416,6.55%,462,5.63%,3,0.38%,1,3.20%,159,5.29%,1184,3.67%,210,5.31%,418,5.64%,296,6.30%,250,3.08%,3,6.37%,7,5.27%,1178,0.13%,4,6.60%,313,9.34%,557,5.35%,230,3.51%,74
MH7B,Age When First Felt Anxious/Depressed,31,0.81%,244,0.91%,152,0.73%,44,0.74%,22,0.81%,244,0.85%,120,0.76%,124,0.81%,244,0.84%,31,0.67%,120,1.35%,93,0.00%,0,0.81%,243,0.84%,33,1.04%,44,0.71%,54,0.53%,49,0.92%,63,0.81%,244,0.41%,27,0.83%,81,0.83%,91,0.19%,1,1.57%,1,1.24%,43,0.81%,244,0.59%,48,0.71%,99,0.64%,57,1.44%,40,0.00%,0,0.00%,0,0.81%,244,0.02%,1,1.61%,108,0.99%,100,0.86%,24,0.33%,11
MH7B,Age When First Felt Anxious/Depressed,32,1.77%,380,1.79%,222,3.02%,76,1.54%,51,1.77%,380,1.23%,178,2.29%,202,1.77%,380,2.19%,58,1.59%,207,1.56%,114,0.03%,1,1.76%,370,1.88%,68,2.42%,71,1.71%,68,0.52%,67,2.22%,96,1.77%,380,1.99%,63,2.52%,132,1.29%,143,0.52%,1,0.25%,1,0.77%,40,1.77%,380,0.81%,71,1.30%,138,2.06%,88,2.86%,77,5.45%,5,0.85%,1,1.78%,379,0.00%,0,3.26%,131,2.50%,174,1.89%,57,0.44%,17
MH7B,Age When First Felt Anxious/Depressed,33,1.36%,295,1.54%,167,1.12%,67,1.61%,40,1.36%,295,1.77%,135,0.97%,160,1.36%,295,1.48%,32,1.30%,160,1.35%,102,0.21%,1,1.36%,293,2.51%,49,0.62%,51,0.87%,54,0.87%,64,1.70%,75,1.36%,295,1.26%,47,2.15%,102,0.74%,109,0.28%,3,0.00%,0,1.07%,34,1.36%,295,1.12%,62,1.14%,102,1.48%,71,1.87%,58,0.01%,1,0.05%,1,1.37%,295,0.01%,1,0.46%,73,3.12%,159,2.04%,51,0.83%,11
MH7B,Age When First Felt Anxious/Depressed,34,1.01%,244,1.29%,162,0.72%,46,0.79%,19,1.01%,244,0.70%,107,1.31%,137,1.01%,244,1.27%,41,0.92%,129,0.77%,73,0.20%,1,1.01%,238,0.72%,52,1.89%,30,0.78%,51,0.71%,45,0.98%,60,1.01%,244,1.66%,29,0.98%,94,0.94%,90,0.00%,0,0.00%,0,0.40%,31,1.01%,244,0.40%,41,1.61%,87,0.94%,63,0.68%,50,0.41%,3,0.00%,0,1.02%,244,0.00%,0,1.96%,40,1.64%,172,0.44%,22,0.54%,10
MH7B,Age When First Felt Anxious/Depressed,35,2.77%,732,2.55%,421,4.78%,190,1.57%,68,2.77%,732,2.93%,329,2.61%,403,2.77%,732,2.58%,110,2.85%,384,2.82%,232,3.71%,6,2.76%,720,1.65%,117,3.51%,145,3.07%,162,2.76%,149,3.04%,147,2.77%,732,3.33%,123,2.79%,231,2.49%,280,9.32%,4,1.35%,2,2.51%,92,2.77%,732,3.37%,147,2.11%,247,2.81%,179,3.46%,152,0.60%,2,1.20%,5,2.78%,730,0.02%,1,0.00%,2,7.13%,480,3.67%,184,2.77%,63
MH7B,Age When First Felt Anxious/Depressed,36,0.96%,243,0.86%,148,0.97%,52,0.45%,25,0.96%,243,0.84%,111,1.07%,132,0.96%,243,0.70%,31,1.21%,143,0.61%,68,0.09%,1,0.96%,239,1.01%,47,0.50%,40,0.68%,36,1.80%,54,0.85%,62,0.96%,243,1.81%,35,0.73%,86,0.84%,89,2.38%,1,0.00%,0,0.66%,32,0.96%,243,0.65%,39,1.01%,86,1.42%,66,0.61%,48,0.21%,3,0.06%,1,0.96%,242,0.00%,0,0.00%,1,1.93%,185,0.76%,35,4.29%,21
MH7B,Age When First Felt Anxious/Depressed,37,0.68%,241,0.76%,150,0.51%,50,0.96%,21,0.68%,241,0.69%,104,0.68%,137,0.68%,241,0.75%,51,0.62%,123,0.79%,66,0.07%,1,0.67%,234,0.86%,48,0.83%,52,0.68%,47,0.39%,41,0.52%,46,0.68%,241,0.38%,31,0.65%,99,0.69%,73,0.20%,1,0.00%,0,1.19%,37,0.68%,241,0.43%,42,0.53%,70,0.70%,72,1.16%,54,0.00%,1,0.61%,2,0.68%,238,0.00%,1,0.00%,0,1.85%,189,0.71%,36,0.67%,12
MH7B,Age When First Felt Anxious/Depressed,38,1.48%,301,1.69%,181,1.37%,66,1.46%,33,1.48%,301,1.19%,126,1.76%,175,1.48%,301,1.79%,63,1.13%,150,2.20%,85,1.48%,3,1.47%,294,1.44%,60,1.79%,63,0.94%,60,0.69%,50,2.54%,61,1.48%,301,1.68%,39,1.15%,107,1.85%,123,0.00%,0,0.00%,0,1.11%,32,1.48%,301,1.49%,43,0.82%,87,2.53%,88,1.36%,81,0.00%,0,0.66%,2,1.49%,301,0.02%,5,0.00%,1,4.60%,232,0.87%,51,0.79%,12
MH7B,Age When First Felt Anxious/Depressed,39,0.50%,161,0.54%,93,0.78%,45,0.39%,16,0.50%,161,0.54%,84,0.45%,77,0.50%,161,0.37%,19,0.60%,96,0.43%,45,0.23%,1,0.50%,157,0.53%,30,0.76%,35,0.29%,23,0.40%,32,0.49%,37,0.50%,161,0.36%,30,0.70%,58,0.31%,49,0.00%,0,1.43%,1,0.67%,23,0.50%,161,0.18%,27,0.64%,59,0.37%,35,0.73%,38,0.04%,2,0.00%,0,0.50%,160,0.00%,0,0.00%,0,1.32%,128,0.64%,27,0.37%,5
MH7B,Age When First Felt Anxious/Depressed,40,3.38%,784,3.56%,444,2.88%,176,4.07%,111,3.38%,784,3.05%,322,3.70%,462,3.38%,784,4.10%,157,2.95%,407,3.30%,216,4.54%,4,3.38%,771,3.57%,156,3.67%,138,2.55%,146,4.18%,172,2.90%,159,3.38%,784,2.01%,113,3.73%,291,2.74%,237,9.07%,6,2.11%,2,6.16%,135,3.38%,784,2.41%,141,3.58%,279,2.22%,187,5.00%,170,0.11%,3,25.94%,4,3.39%,780,0.01%,1,0.02%,3,5.72%,317,9.22%,328,4.56%,131
MH7B,Age When First Felt Anxious/Depressed,41,0.38%,121,0.48%,79,0.13%,22,0.51%,10,0.38%,121,0.45%,56,0.31%,65,0.38%,121,0.27%,22,0.46%,71,0.26%,27,0.50%,1,0.37%,118,0.53%,23,0.41%,18,0.35%,27,0.24%,21,0.29%,29,0.38%,121,0.74%,26,0.32%,33,0.30%,47,0.00%,0,0.00%,0,0.21%,15,0.38%,121,0.42%,20,0.54%,39,0.17%,29,0.32%,31,0.00%,0,0.63%,2,0.38%,121,0.00%,0,0.00%,0,1.00%,85,0.45%,27,0.37%,9
MH7B,Age When First Felt Anxious/Depressed,42,0.96%,202,0.82%,119,0.68%,46,0.49%,23,0.96%,202,0.58%,88,1.32%,114,0.96%,202,1.26%,40,0.90%,106,0.46%,54,0.23%,2,0.96%,199,0.63%,39,1.19%,34,1.23%,36,0.98%,51,0.84%,39,0.96%,202,0.35%,26,1.03%,84,0.46%,67,0.12%,2,0.00%,0,3.13%,23,0.96%,202,0.25%,28,1.23%,79,1.23%,51,0.78%,42,0.00%,0,2.68%,2,0.97%,202,0.00%,1,0.02%,3,2.49%,104,1.33%,83,0.72%,11
MH7B,Age When First Felt Anxious/Depressed,43,0.51%,135,0.58%,75,0.48%,34,0.49%,17,0.51%,135,0.49%,55,0.54%,80,0.51%,135,0.64%,23,0.46%,72,0.47%,40,0.00%,0,0.50%,131,0.58%,26,0.97%,31,0.45%,33,0.19%,16,0.25%,25,0.51%,135,0.74%,19,0.39%,52,0.52%,44,0.00%,0,0.00%,0,0.52%,20,0.51%,135,0.31%,26,0.36%,39,0.66%,26,0.73%,41,0.09%,2,2.40%,1,0.52%,135,0.00%,0,0.00%,2,1.37%,84,0.58%,40,0.57%,9
MH7B,Age When First Felt Anxious/Depressed,44,0.46%,94,0.39%,54,0.30%,22,0.57%,10,0.46%,94,0.41%,42,0.50%,52,0.46%,94,0.60%,17,0.40%,57,0.29%,19,0.84%,1,0.45%,92,0.91%,23,0.25%,15,0.50%,16,0.17%,17,0.32%,21,0.46%,94,0.63%,11,0.44%,34,0.43%,34,0.84%,2,4.66%,1,0.28%,12,0.46%,94,0.12%,16,0.59%,31,0.27%,25,0.76%,19,0.03%,2,1.06%,1,0.46%,94,0.00%,0,0.00%,0,1.35%,60,0.45%,31,0.10%,3
MH7B,Age When First Felt Anxious/Depressed,45,1.80%,372,2.31%,234,0.84%,77,0.83%,45,1.80%,372,2.61%,167,1.03%,205,1.80%,372,3.23%,75,0.90%,177,1.93%,116,0.40%,4,1.79%,357,1.39%,69,1.62%,62,1.25%,78,2.53%,71,2.33%,77,1.80%,372,3.93%,59,1.43%,138,0.96%,117,0.70%,2,4.20%,2,2.07%,54,1.80%,372,2.07%,74,2.20%,115,1.54%,93,1.30%,85,0.20%,3,0.75%,2,1.81%,370,0.00%,0,0.00%,1,2.92%,91,4.80%,218,3.32%,60
MH7B,Age When First Felt Anxious/Depressed,46,0.58%,102,0.36%,43,0.57%,33,0.58%,17,0.58%,102,0.46%,43,0.69%,59,0.58%,102,0.19%,17,0.86%,60,0.45%,25,0.00%,0,0.58%,99,0.34%,25,0.39%,19,0.21%,14,1.67%,21,0.38%,20,0.58%,102,0.39%,15,0.26%,32,1.01%,40,0.00%,0,0.00%,0,0.58%,15,0.58%,102,0.41%,18,0.43%,31,0.89%,26,0.47%,25,3.02%,1,0.06%,1,0.58%,102,0.00%,0,0.00%,0,1.05%,47,1.78%,43,0.14%,12
MH7B,Age When First Felt Anxious/Depressed,47,0.79%,128,0.78%,83,1.60%,31,0.15%,10,0.79%,128,0.82%,52,0.77%,76,0.79%,128,1.75%,27,0.28%,59,0.53%,42,0.00%,0,0.78%,123,0.24%,18,1.74%,25,1.45%,30,0.17%,25,0.35%,25,0.79%,128,0.33%,14,1.04%,50,0.86%,45,0.52%,1,0.00%,0,0.59%,18,0.79%,128,0.18%,22,0.91%,41,1.28%,27,0.56%,37,0.13%,1,0.00%,0,0.80%,128,0.00%,0,0.00%,0,0.95%,48,2.87%,65,1.14%,15
MH7B,Age When First Felt Anxious/Depressed,48,0.80%,149,1.13%,98,0.53%,36,0.29%,11,0.80%,149,1.09%,60,0.52%,89,0.80%,149,0.66%,29,0.98%,87,0.35%,31,0.64%,2,0.80%,145,0.90%,33,0.32%,23,0.93%,32,0.96%,28,0.87%,29,0.80%,149,1.81%,24,0.80%,65,0.35%,40,4.54%,2,0.00%,0,0.48%,18,0.80%,149,1.48%,26,0.56%,58,0.64%,30,0.86%,33,0.24%,2,0.00%,0,0.80%,148,0.00%,0,0.06%,1,1.45%,43,2.17%,88,0.52%,16
MH7B,Age When First Felt Anxious/Depressed,49,0.56%,102,0.31%,53,1.39%,28,0.53%,14,0.56%,102,0.82%,46,0.32%,56,0.56%,102,0.86%,22,0.46%,56,0.23%,24,0.00%,0,0.56%,99,0.35%,20,0.56%,21,1.20%,16,0.24%,19,0.48%,23,0.56%,102,1.52%,15,0.16%,38,0.60%,40,0.00%,0,0.00%,0,0.17%,9,0.56%,102,0.12%,15,0.26%,36,0.45%,23,1.43%,25,3.73%,1,0.17%,2,0.57%,102,0.00%,1,0.00%,0,1.13%,16,1.52%,80,0.13%,5
MH7B,Age When First Felt Anxious/Depressed,50,2.06%,469,2.11%,251,1.92%,127,1.81%,66,2.06%,469,2.04%,197,2.08%,272,2.06%,469,2.98%,104,1.66%,246,1.46%,118,0.05%,1,2.06%,460,3.36%,115,1.57%,66,2.42%,86,0.76%,76,1.83%,117,2.06%,469,1.98%,63,1.29%,179,2.81%,151,14.79%,10,0.84%,2,1.92%,64,2.06%,469,3.05%,96,1.73%,149,1.52%,113,2.58%,106,0.77%,3,0.86%,2,2.07%,467,0.01%,3,0.00%,1,0.01%,1,9.88%,299,7.36%,163
MH7B,Age When First Felt Anxious/Depressed,51,0.37%,74,0.53%,44,0.17%,15,0.22%,11,0.37%,74,0.40%,32,0.35%,42,0.37%,74,0.69%,26,0.13%,30,0.57%,17,0.49%,1,0.37%,71,0.34%,19,0.79%,12,0.23%,10,0.32%,20,0.14%,10,0.37%,74,0.26%,14,0.27%,22,0.60%,24,0.00%,0,0.00%,0,0.18%,14,0.37%,74,0.12%,12,0.52%,25,0.49%,18,0.22%,18,0.00%,0,0.06%,1,0.37%,73,0.00%,0,0.00%,0,0.01%,1,2.30%,66,0.11%,6
MH7B,Age When First Felt Anxious/Depressed,52,0.35%,98,0.38%,52,0.76%,35,0.04%,7,0.35%,98,0.24%,41,0.46%,57,0.35%,98,0.40%,19,0.27%,50,0.62%,29,0.00%,0,0.35%,93,0.31%,11,0.55%,20,0.26%,20,0.32%,23,0.31%,19,0.35%,98,0.30%,15,0.58%,38,0.25%,33,0.00%,0,0.00%,0,0.10%,12,0.35%,98,0.52%,21,0.21%,32,0.21%,22,0.67%,21,0.00%,0,0.08%,2,0.36%,98,0.00%,0,0.02%,1,0.00%,0,1.80%,75,1.00%,22
MH7B,Age When First Felt Anxious/Depressed,53,0.18%,62,0.18%,29,0.10%,19,0.30%,9,0.18%,62,0.16%,23,0.19%,39,0.18%,62,0.18%,15,0.10%,28,0.50%,19,0.00%,0,0.18%,61,0.08%,10,0.30%,16,0.22%,10,0.16%,12,0.14%,13,0.18%,62,0.14%,7,0.20%,32,0.23%,17,0.00%,0,0.00%,0,0.04%,6,0.18%,62,0.11%,16,0.20%,20,0.13%,17,0.26%,9,0.00%,0,0.00%,0,0.18%,62,0.00%,0,0.00%,0,0.00%,0,1.12%,59,0.03%,3
MH7B,Age When First Felt Anxious/Depressed,54,0.31%,63,0.40%,43,0.24%,16,0.01%,3,0.31%,63,0.46%,31,0.16%,32,0.31%,63,0.76%,17,0.08%,30,0.12%,16,0.00%,0,0.31%,60,0.80%,14,0.25%,14,0.25%,8,0.05%,12,0.06%,12,0.31%,63,0.15%,7,0.75%,31,0.06%,20,0.00%,0,0.00%,0,0.02%,5,0.31%,63,0.96%,8,0.25%,27,0.15%,14,0.07%,14,0.00%,0,0.00%,0,0.31%,63,0.00%,0,0.00%,0,0.00%,0,1.97%,57,0.07%,6
MH7B,Age When First Felt Anxious/Depressed,55,0.77%,174,0.95%,95,0.64%,45,0.69%,26,0.77%,174,0.39%,79,1.13%,95,0.77%,174,0.31%,34,1.13%,97,0.47%,43,0.00%,0,0.77%,170,1.16%,33,0.35%,24,0.66%,34,0.54%,38,1.06%,41,0.77%,174,0.57%,31,0.92%,61,0.83%,57,0.00%,0,3.65%,2,0.44%,23,0.77%,174,0.50%,38,0.84%,59,0.61%,44,1.13%,32,0.00%,0,0.12%,1,0.77%,173,0.00%,0,0.00%,0,0.00%,0,3.41%,102,3.41%,71
MH7B,Age When First Felt Anxious/Depressed,56,0.25%,62,0.29%,37,0.33%,15,0.18%,7,0.25%,62,0.25%,28,0.24%,34,0.25%,62,0.34%,18,0.20%,29,0.16%,14,0.93%,1,0.25%,60,0.09%,5,0.14%,9,0.54%,16,0.34%,16,0.16%,14,0.25%,62,0.27%,5,0.17%,19,0.31%,26,0.00%,0,2.61%,1,0.22%,11,0.25%,62,0.42%,11,0.15%,20,0.18%,15,0.38%,16,0.00%,0,0.00%,0,0.25%,62,0.00%,0,0.00%,0,0.00%,0,1.16%,50,0.97%,12
MH7B,Age When First Felt Anxious/Depressed,57,0.23%,65,0.07%,37,0.31%,20,0.15%,7,0.23%,65,0.30%,25,0.16%,40,0.23%,65,0.12%,11,0.32%,37,0.11%,17,0.00%,0,0.22%,64,0.09%,9,0.08%,14,0.12%,11,0.78%,14,0.08%,16,0.23%,65,0.74%,8,0.08%,19,0.12%,24,0.00%,0,3.39%,1,0.16%,13,0.23%,65,0.07%,11,0.44%,26,0.13%,16,0.13%,11,0.00%,1,0.00%,0,0.23%,65,0.00%,0,0.00%,0,0.00%,0,0.62%,51,1.88%,14
MH7B,Age When First Felt Anxious/Depressed,58,0.23%,76,0.31%,45,0.08%,18,0.40%,12,0.23%,76,0.18%,36,0.29%,40,0.23%,76,0.36%,28,0.19%,37,0.08%,11,0.00%,0,0.23%,74,0.35%,16,0.24%,14,0.18%,15,0.09%,15,0.26%,14,0.23%,76,0.41%,15,0.26%,28,0.09%,18,0.00%,0,0.00%,0,0.31%,15,0.23%,76,0.05%,13,0.24%,25,0.25%,21,0.38%,16,0.00%,0,0.15%,1,0.24%,76,0.00%,0,0.00%,0,0.00%,0,0.77%,46,1.64%,30
MH7B,Age When First Felt Anxious/Depressed,59,0.20%,54,0.31%,33,0.06%,15,0.02%,5,0.20%,54,0.20%,20,0.19%,34,0.20%,54,0.22%,15,0.19%,28,0.18%,11,0.00%,0,0.20%,51,0.18%,15,0.32%,8,0.03%,8,0.37%,12,0.08%,8,0.20%,54,0.31%,9,0.12%,24,0.05%,12,0.00%,0,0.00%,0,0.65%,9,0.20%,54,0.03%,10,0.08%,13,0.39%,13,0.30%,18,0.00%,0,0.00%,0,0.20%,53,0.00%,0,0.00%,0,0.00%,0,1.03%,39,0.51%,14
MH7B,Age When First Felt Anxious/Depressed,60,0.53%,133,0.52%,69,0.73%,37,0.43%,20,0.53%,133,0.49%,55,0.56%,78,0.53%,133,0.58%,36,0.41%,58,0.93%,38,0.06%,1,0.52%,129,0.34%,14,0.23%,21,0.56%,31,0.94%,24,0.59%,39,0.53%,133,0.40%,16,0.58%,49,0.35%,46,4.16%,1,0.00%,0,1.01%,21,0.53%,133,0.69%,31,0.47%,49,0.65%,30,0.37%,22,0.15%,1,0.00%,0,0.53%,133,0.00%,0,0.00%,0,0.01%,1,1.02%,40,5.28%,92
MH7B,Age When First Felt Anxious/Depressed,61,0.07%,21,0.11%,16,0.02%,4,0.00%,1,0.07%,21,0.08%,9,0.05%,12,0.07%,21,0.00%,1,0.09%,16,0.12%,4,0.00%,0,0.07%,20,0.07%,5,0.06%,2,0.08%,5,0.10%,4,0.01%,4,0.07%,21,0.21%,4,0.05%,5,0.02%,10,0.00%,0,0.00%,0,0.02%,2,0.07%,21,0.02%,3,0.06%,8,0.16%,8,0.00%,2,0.00%,0,0.00%,0,0.07%,21,0.00%,0,0.00%,0,0.00%,0,0.24%,10,0.42%,11
MH7B,Age When First Felt Anxious/Depressed,62,0.15%,50,0.14%,27,0.22%,15,0.25%,6,0.15%,50,0.07%,19,0.22%,31,0.15%,50,0.21%,17,0.10%,21,0.18%,12,0.00%,0,0.15%,49,0.08%,8,0.14%,9,0.07%,8,0.33%,13,0.13%,11,0.15%,50,0.03%,3,0.21%,24,0.12%,15,0.00%,0,1.49%,1,0.21%,7,0.15%,50,0.23%,13,0.18%,19,0.05%,8,0.15%,9,0.00%,0,0.36%,1,0.15%,50,0.00%,0,0.00%,0,0.00%,0,0.46%,24,1.09%,26
MH7B,Age When First Felt Anxious/Depressed,63,0.30%,44,0.16%,24,0.15%,11,0.03%,4,0.30%,44,0.19%,19,0.41%,25,0.30%,44,0.60%,8,0.13%,26,0.25%,10,0.00%,0,0.30%,44,0.90%,6,0.06%,7,0.06%,10,0.28%,9,0.08%,12,0.30%,44,0.02%,7,0.08%,13,0.15%,18,0.00%,0,0.00%,0,1.76%,6,0.30%,44,0.20%,11,0.09%,15,0.07%,8,0.19%,7,15.38%,1,0.29%,2,0.30%,44,0.00%,0,0.00%,0,0.00%,1,0.61%,17,2.96%,26
MH7B,Age When First Felt Anxious/Depressed,64,0.16%,29,0.07%,14,0.04%,7,0.04%,5,0.16%,29,0.02%,10,0.30%,19,0.16%,29,0.41%,8,0.05%,13,0.04%,8,0.00%,0,0.17%,29,0.60%,7,0.06%,6,0.01%,5,0.02%,7,0.02%,4,0.16%,29,0.63%,6,0.14%,12,0.01%,7,0.00%,0,0.00%,0,0.01%,4,0.16%,29,0.04%,9,0.02%,7,0.51%,5,0.09%,8,0.00%,0,0.00%,0,0.16%,29,0.00%,0,0.00%,0,0.00%,0,0.01%,5,2.32%,24
MH7B,Age When First Felt Anxious/Depressed,65,0.36%,59,0.12%,38,0.37%,13,0.40%,6,0.36%,59,0.50%,19,0.23%,40,0.36%,59,0.62%,16,0.24%,32,0.21%,11,0.00%,0,0.36%,59,0.12%,7,0.14%,11,1.28%,14,0.17%,12,0.14%,15,0.36%,59,0.14%,7,0.27%,23,0.60%,20,0.00%,0,0.09%,1,0.25%,8,0.36%,59,0.31%,14,0.20%,23,0.20%,17,0.91%,5,0.00%,0,0.00%,0,0.36%,59,0.00%,0,0.00%,0,0.00%,0,0.02%,2,5.11%,57
MH7B,Age When First Felt Anxious/Depressed,66,0.08%,14,0.04%,6,0.13%,5,0.01%,1,0.08%,14,0.02%,4,0.13%,10,0.08%,14,0.03%,3,0.12%,10,0.04%,1,0.00%,0,0.07%,13,0.15%,1,0.02%,3,0.11%,3,0.03%,4,0.03%,2,0.08%,14,0.00%,0,0.08%,7,0.13%,4,0.00%,0,0.00%,0,0.06%,3,0.08%,14,0.05%,2,0.07%,6,0.04%,3,0.18%,3,0.00%,0,0.00%,0,0.08%,14,0.00%,0,0.00%,0,0.00%,0,0.00%,0,1.13%,14
MH7B,Age When First Felt Anxious/Depressed,67,0.06%,19,0.04%,10,0.21%,8,0.01%,1,0.06%,19,0.05%,10,0.06%,9,0.06%,19,0.03%,5,0.06%,10,0.11%,4,0.00%,0,0.06%,19,0.01%,2,0.04%,6,0.01%,2,0.16%,5,0.08%,4,0.06%,19,0.02%,3,0.05%,7,0.03%,4,0.00%,0,0.00%,0,0.19%,5,0.06%,19,0.19%,7,0.04%,5,0.01%,2,0.04%,5,0.00%,0,0.00%,0,0.06%,19,0.00%,0,0.00%,0,0.00%,0,0.00%,0,0.80%,19
MH7B,Age When First Felt Anxious/Depressed,68,0.26%,31,0.33%,18,0.07%,8,0.40%,4,0.26%,31,0.37%,12,0.17%,19,0.26%,31,0.38%,7,0.11%,14,0.62%,10,0.00%,0,0.27%,30,0.12%,5,0.19%,8,0.62%,8,0.26%,3,0.17%,6,0.26%,31,0.02%,3,0.02%,8,0.41%,16,0.00%,0,0.00%,0,0.90%,4,0.26%,31,0.24%,4,0.18%,11,0.46%,9,0.20%,7,0.00%,0,0.00%,0,0.22%,30,0.00%,0,0.00%,0,0.00%,0,0.00%,0,3.19%,30
MH7B,Age When First Felt Anxious/Depressed,69,0.02%,13,0.03%,8,0.00%,3,0.03%,2,0.02%,13,0.00%,3,0.04%,10,0.02%,13,0.01%,4,0.03%,6,0.01%,3,0.00%,0,0.02%,13,0.01%,3,0.00%,2,0.07%,2,0.02%,4,0.00%,2,0.02%,13,0.00%,0,0.04%,5,0.01%,5,0.07%,1,0.00%,0,0.03%,2,0.02%,13,0.01%,2,0.05%,7,0.01%,2,0.01%,2,0.00%,0,0.00%,0,0.02%,13,0.00%,0,0.00%,0,0.00%,0,0.00%,0,0.31%,13
MH7B,Age When First Felt Anxious/Depressed,70,0.41%,53,0.13%,28,0.32%,16,0.08%,6,0.41%,53,0.26%,15,0.55%,38,0.41%,53,0.43%,14,0.47%,29,0.14%,9,0.01%,1,0.41%,53,1.30%,12,0.12%,8,0.12%,14,0.25%,13,0.06%,6,0.41%,53,0.11%,5,0.34%,14,0.69%,23,3.09%,3,0.00%,0,0.20%,8,0.41%,53,0.23%,12,0.59%,22,0.14%,9,0.63%,8,0.21%,2,0.00%,0,0.41%,52,0.00%,0,0.00%,0,0.00%,0,0.00%,0,5.88%,52
MH7B,Age When First Felt Anxious/Depressed,71,0.05%,10,0.05%,4,0.13%,4,0.02%,2,0.05%,10,0.07%,4,0.04%,6,0.05%,10,0.09%,3,0.04%,4,0.03%,3,0.00%,0,0.05%,10,0.12%,2,0.00%,0,0.09%,2,0.01%,2,0.03%,4,0.05%,10,0.00%,0,0.09%,4,0.06%,6,0.00%,0,0.00%,0,0.00%,0,0.05%,10,0.03%,3,0.01%,4,0.07%,2,0.13%,1,0.00%,0,0.00%,0,0.05%,10,0.00%,0,0.00%,0,0.00%,0,0.00%,0,0.76%,10
MH7B,Age When First Felt Anxious/Depressed,72,0.03%,13,0.03%,6,0.06%,5,0.02%,2,0.03%,13,0.02%,4,0.04%,9,0.03%,13,0.03%,5,0.00%,3,0.13%,5,0.00%,0,0.03%,13,0.00%,2,0.03%,1,0.01%,3,0.06%,6,0.04%,1,0.03%,13,0.00%,1,0.02%,2,0.04%,4,0.00%,0,0.00%,0,0.05%,6,0.03%,13,0.04%,2,0.03%,5,0.03%,4,0.01%,2,0.00%,0,0.00%,0,0.03%,12,0.00%,0,0.00%,0,0.00%,0,0.00%,0,0.40%,12
MH7B,Age When First Felt Anxious/Depressed,73,0.05%,13,0.03%,6,0.15%,5,0.03%,1,0.05%,13,0.01%,3,0.08%,10,0.05%,13,0.04%,3,0.05%,9,0.05%,1,0.00%,0,0.05%,13,0.08%,6,0.03%,4,0.10%,1,0.01%,1,0.00%,1,0.05%,13,0.02%,2,0.06%,6,0.06%,4,0.00%,0,0.00%,0,0.01%,1,0.05%,13,0.00%,2,0.03%,6,0.04%,2,0.12%,2,0.00%,1,0.00%,0,0.05%,13,0.00%,0,0.00%,0,0.01%,1,0.00%,0,0.62%,12
MH7B,Age When First Felt Anxious/Depressed,74,0.01%,11,0.01%,9,0.00%,1,0.01%,1,0.01%,11,0.01%,5,0.01%,6,0.01%,11,0.01%,1,0.00%,7,0.01%,3,0.00%,0,0.01%,11,0.02%,3,0.01%,2,0.00%,2,0.00%,1,0.00%,3,0.01%,11,0.00%,0,0.00%,4,0.01%,5,0.26%,1,0.00%,0,0.00%,1,0.01%,11,0.00%,4,0.01%,4,0.02%,3,0.00%,0,0.00%,0,0.00%,0,0.01%,11,0.00%,0,0.00%,0,0.00%,0,0.00%,0,0.10%,11
MH7B,Age When First Felt Anxious/Depressed,75,0.04%,16,0.05%,11,0.00%,2,0.16%,3,0.04%,16,0.04%,8,0.05%,8,0.04%,16,0.06%,5,0.05%,8,0.00%,3,0.00%,0,0.04%,15,0.01%,5,0.02%,3,0.05%,1,0.03%,3,0.09%,3,0.04%,16,0.01%,1,0.05%,6,0.04%,8,0.00%,0,0.00%,0,0.09%,1,0.04%,16,0.12%,6,0.03%,6,0.05%,3,0.00%,1,0.00%,0,0.00%,0,0.04%,16,0.00%,0,0.00%,0,0.00%,0,0.00%,0,0.64%,16
MH7B,Age When First Felt Anxious/Depressed,76,0.01%,6,0.01%,3,0.02%,2,0.00%,1,0.01%,6,0.00%,2,0.01%,4,0.01%,6,0.00%,1,0.01%,5,0.00%,0,0.00%,0,0.01%,6,0.00%,0,0.00%,0,0.02%,2,0.01%,2,0.02%,2,0.01%,6,0.00%,0,0.00%,1,0.02%,5,0.00%,0,0.00%,0,0.00%,0,0.01%,6,0.01%,2,0.01%,1,0.02%,2,0.00%,1,0.00%,0,0.00%,0,0.01%,6,0.00%,0,0.00%,0,0.00%,0,0.00%,0,0.12%,6
MH7B,Age When First Felt Anxious/Depressed,77,0.01%,3,0.00%,0,0.01%,2,0.14%,1,0.01%,3,0.03%,2,0.00%,1,0.01%,3,0.00%,0,0.03%,3,0.00%,0,0.00%,0,0.01%,3,0.00%,1,0.00%,1,0.00%,0,0.00%,0,0.07%,1,0.01%,3,0.00%,0,0.00%,0,0.00%,0,0.00%,0,0.00%,0,0.11%,3,0.01%,3,0.07%,1,0.00%,0,0.00%,0,0.01%,1,0.07%,1,0.00%,0,0.01%,3,0.00%,0,0.00%,0,0.00%,0,0.00%,0,0.20%,3
MH7B,Age When First Felt Anxious/Depressed,78,0.01%,3,0.02%,3,0.00%,0,0.00%,0,0.01%,3,0.01%,2,0.01%,1,0.01%,3,0.03%,3,0.00%,0,0.00%,0,0.00%,0,0.01%,3,0.00%,0,0.00%,0,0.00%,0,0.01%,1,0.05%,2,0.01%,3,0.00%,0,0.01%,1,0.01%,1,0.65%,1,0.00%,0,0.00%,0,0.01%,3,0.04%,2,0.00%,0,0.02%,1,0.00%,0,0.00%,0,0.00%,0,0.01%,3,0.00%,0,0.00%,0,0.00%,0,0.00%,0,0.16%,3
MH7B,Age When First Felt Anxious/Depressed,79,0.01%,7,0.01%,5,0.00%,0,0.03%,1,0.01%,7,0.00%,2,0.02%,5,0.01%,7,0.02%,2,0.00%,3,0.03%,2,0.00%,0,0.01%,7,0.01%,1,0.03%,3,0.00%,1,0.02%,1,0.00%,1,0.01%,7,0.00%,0,0.02%,4,0.01%,2,0.00%,0,0.00%,0,0.02%,1,0.01%,7,0.00%,1,0.01%,3,0.02%,2,0.03%,1,0.00%,0,0.00%,0,0.01%,7,0.00%,0,0.00%,0,0.00%,0,0.00%,0,0.17%,7
MH7B,Age When First Felt Anxious/Depressed,80,0.05%,17,0.07%,11,0.05%,5,0.00%,1,0.05%,17,0.01%,6,0.08%,11,0.05%,17,0.05%,5,0.05%,8,0.06%,4,0.00%,0,0.04%,16,0.00%,2,0.04%,3,0.07%,2,0.08%,4,0.02%,5,0.05%,17,0.05%,3,0.00%,0,0.06%,11,0.00%,0,0.00%,0,0.15%,3,0.05%,17,0.04%,4,0.09%,9,0.05%,4,0.00%,0,0.00%,0,0.00%,0,0.05%,17,0.00%,0,0.00%,0,0.00%,0,0.00%,0,0.69%,17
MH7B,Age When First Felt Anxious/Depressed,81,0.01%,2,0.01%,1,0.00%,1,0.00%,0,0.01%,2,0.00%,0,0.02%,2,0.01%,2,0.00%,0,0.02%,2,0.00%,0,0.00%,0,0.01%,2,0.03%,1,0.00%,0,0.00%,0,0.00%,1,0.00%,0,0.01%,2,0.04%,1,0.00%,0,0.00%,0,0.00%,0,0.00%,0,0.00%,1,0.01%,2,0.00%,1,0.02%,1,0.00%,0,0.00%,0,0.00%,0,0.00%,0,0.01%,2,0.00%,0,0.00%,0,0.00%,0,0.00%,0,0.12%,2
MH7B,Age When First Felt Anxious/Depressed,82,0.00%,2,0.00%,2,0.00%,0,0.00%,0,0.00%,2,0.00%,1,0.00%,1,0.00%,2,0.00%,1,0.00%,1,0.00%,0,0.00%,0,0.00%,2,0.00%,0,0.01%,2,0.00%,0,0.00%,0,0.00%,0,0.00%,2,0.01%,1,0.00%,0,0.00%,1,0.00%,0,0.00%,0,0.00%,0,0.00%,2,0.01%,1,0.00%,1,0.00%,0,0.00%,0,0.00%,0,0.00%,0,0.00%,2,0.00%,0,0.00%,0,0.00%,0,0.00%,0,0.03%,2
MH7B,Age When First Felt Anxious/Depressed,83,0.00%,2,0.01%,1,0.01%,1,0.00%,0,0.00%,2,0.00%,1,0.01%,1,0.00%,2,0.01%,1,0.00%,1,0.00%,0,0.00%,0,0.01%,2,0.02%,2,0.00%,0,0.00%,0,0.00%,0,0.00%,0,0.00%,2,0.01%,1,0.00%,0,0.01%,1,0.00%,0,0.00%,0,0.00%,0,0.00%,2,0.00%,0,0.00%,0,0.02%,2,0.00%,0,0.00%,0,0.00%,0,0.01%,2,0.00%,0,0.00%,0,0.00%,0,0.00%,0,0.07%,2
MH7B,Age When First Felt Anxious/Depressed,84,0.00%,2,0.00%,1,0.00%,0,0.01%,1,0.00%,2,0.00%,1,0.00%,1,0.00%,2,0.00%,0,0.00%,1,0.01%,1,0.00%,0,0.00%,2,0.00%,1,0.00%,1,0.00%,0,0.00%,0,0.00%,0,0.00%,2,0.01%,1,0.00%,0,0.00%,1,0.00%,0,0.00%,0,0.00%,0,0.00%,2,0.00%,0,0.00%,1,0.00%,0,0.00%,1,0.00%,0,0.00%,0,0.00%,2,0.00%,0,0.00%,0,0.00%,0,0.00%,0,0.02%,2
MH7B,Age When First Felt Anxious/Depressed,85,0.02%,3,0.00%,1,0.11%,2,0.00%,0,0.02%,3,0.00%,1,0.03%,2,0.02%,3,0.05%,1,0.00%,2,0.00%,0,0.00%,0,0.02%,3,0.00%,0,0.00%,2,0.00%,0,0.09%,1,0.00%,0,0.02%,3,0.00%,1,0.05%,1,0.00%,0,0.00%,0,0.00%,0,0.00%,1,0.02%,3,0.00%,1,0.05%,2,0.00%,0,0.00%,0,0.00%,0,0.00%,0,0.02%,3,0.00%,0,0.00%,0,0.00%,0,0.00%,0,0.25%,3
MH7B,Age When First Felt Anxious/Depressed,87,0.00%,1,0.00%,1,0.00%,0,0.00%,0,0.00%,1,0.00%,0,0.00%,1,0.00%,1,0.00%,0,0.00%,1,0.00%,0,0.00%,0,0.00%,1,0.00%,0,0.00%,0,0.00%,0,0.00%,1,0.00%,0,0.00%,1,0.00%,0,0.00%,1,0.00%,0,0.00%,0,0.00%,0,0.00%,0,0.00%,1,0.00%,0,0.00%,1,0.00%,0,0.00%,0,0.00%,0,0.00%,0,0.00%,1,0.00%,0,0.00%,0,0.00%,0,0.00%,0,0.01%,1
MH7B,Age When First Felt Anxious/Depressed,88,0.00%,2,0.00%,1,0.00%,1,0.00%,0,0.00%,2,0.00%,0,0.00%,2,0.00%,2,0.00%,1,0.00%,0,0.00%,1,0.00%,0,0.00%,2,0.00%,0,0.00%,0,0.00%,0,0.00%,1,0.00%,1,0.00%,2,0.00%,1,0.00%,0,0.00%,0,0.00%,0,0.00%,0,0.00%,1,0.00%,2,0.00%,1,0.00%,1,0.00%,0,0.00%,0,0.00%,0,0.00%,0,0.00%,2,0.00%,0,0.00%,0,0.00%,0,0.00%,0,0.01%,2
MH7B,Age When First Felt Anxious/Depressed,97+,0.01%,4,0.02%,3,0.00%,0,0.00%,0,0.01%,4,0.00%,2,0.02%,2,0.01%,4,0.04%,1,0.00%,3,0.00%,0,0.00%,0,0.01%,4,0.01%,2,0.00%,0,0.06%,1,0.00%,1,0.00%,0,0.01%,4,0.01%,1,0.00%,0,0.04%,3,0.00%,0,0.00%,0,0.00%,0,0.01%,4,0.01%,1,0.03%,1,0.00%,2,0.00%,0,0.00%,0,0.00%,0,0.01%,3,0.00%,1,0.00%,1,0.00%,0,0.00%,0,0.17%,1
MH7B,Age When First Felt Anxious/Depressed,DK/Refused,6.24%,1131,6.16%,765,3.83%,156,2.32%,65,6.24%,1131,6.04%,563,6.43%,568,6.24%,1131,7.74%,222,5.60%,625,4.29%,246,17.76%,38,6.26%,1119,7.48%,256,3.94%,193,7.04%,203,7.17%,228,5.42%,239,6.24%,1131,7.26%,172,5.47%,387,6.35%,424,7.30%,8,30.66%,3,6.31%,137,6.24%,1131,3.94%,161,6.54%,377,6.64%,334,5.45%,196,30.70%,36,19.55%,27,6.13%,1108,3.78%,199,6.14%,305,7.43%,363,7.98%,165,5.48%,76
MH7B_2,Age Range When First Felt Anxious/Depressed,Less than 13 years old,7.51%,71,8.05%,46,11.37%,11,1.35%,3,6.12%,41,8.73%,30,9.50%,11,6.71%,47,4.29%,13,9.61%,21,12.53%,14,1.63%,11,7.34%,14,8.30%,11,2.04%,9,6.24%,27,13.32%,23,3.79%,11,25.91%,10,6.77%,24,6.09%,19,2.87%,15,13.09%,23,16.11%,17,4.87%,20,0.89%,8,0.25%,3,,,,,,,,,,,,,,,,,,,,,,
MH7B_2,Age Range When First Felt Anxious/Depressed,Ages 13 - 19,11.45%,225,11.14%,161,15.59%,26,2.92%,7,15.28%,117,8.07%,108,5.56%,26,15.22%,148,20.13%,45,9.33%,51,7.05%,33,7.60%,39,8.20%,39,28.13%,60,9.26%,24,14.05%,81,13.20%,95,4.71%,25,11.50%,38,11.53%,76,13.15%,68,12.30%,34,20.43%,81,11.65%,66,8.66%,52,9.26%,16,1.82%,4,,,,,,,,,,,,,,,,,,,,,,
MH7B_2,Age Range When First Felt Anxious/Depressed,Ages 20 - 29,22.21%,274,25.16%,191,29.10%,37,10.73%,16,16.24%,132,27.49%,142,27.02%,41,18.73%,141,21.97%,87,13.88%,58,10.36%,41,17.50%,49,41.72%,65,27.38%,59,34.99%,47,21.03%,91,15.16%,110,24.69%,23,11.78%,41,21.79%,90,23.61%,80,35.12%,55,16.73%,30,37.46%,117,24.28%,93,9.15%,25,5.82%,6,,,,,,,,,,,,,,,,,,,,,,
MH7B_2,Age Range When First Felt Anxious/Depressed,Ages 30 - 39,12.52%,127,7.13%,76,6.64%,17,30.83%,10,9.17%,59,15.48%,68,14.67%,27,12.44%,76,5.41%,23,11.32%,32,12.05%,19,24.83%,24,4.91%,27,7.35%,23,9.14%,17,10.19%,46,19.55%,48,4.60%,15,1.96%,11,16.91%,38,14.73%,53,4.68%,20,0.00%,0,7.68%,18,17.04%,73,23.92%,28,5.37%,7,,,,,,,,,,,,,,,,,,,,,,
MH7B_2,Age Range When First Felt Anxious/Depressed,Age 40 or older,11.41%,123,7.81%,75,12.13%,24,17.91%,10,14.49%,50,8.68%,73,15.87%,37,8.05%,61,11.68%,23,15.07%,25,22.49%,31,6.15%,28,6.37%,22,10.00%,15,21.25%,22,6.06%,41,7.78%,36,18.39%,21,6.83%,15,11.29%,41,8.07%,35,11.99%,26,0.67%,2,1.69%,5,4.18%,21,26.79%,55,67.52%,36,,,,,,,,,,,,,,,,,,,,,,
MH7B_2,Age Range When First Felt Anxious/Depressed,DK/Refused,34.90%,307,40.71%,216,25.16%,41,36.26%,16,38.70%,160,31.55%,147,27.39%,80,38.85%,152,36.52%,51,40.78%,69,35.53%,55,42.30%,51,31.46%,61,18.83%,68,23.31%,53,42.44%,101,31.00%,108,43.81%,42,42.01%,44,31.72%,108,34.35%,78,33.04%,46,49.09%,63,25.39%,81,40.97%,101,29.99%,33,19.24%,20,,,,,,,,,,,,,,,,,,,,,,
MH7C,Have Felt Anxious/Depressed More Than Once,Yes,72.99%,17445,73.04%,10477,71.35%,3330,78.44%,2074,71.92%,8051,74.01%,9394,72.07%,2549,73.59%,10106,74.36%,4660,75.84%,3317,72.08%,3171,71.10%,3256,74.38%,3461,71.01%,3999,68.94%,2416,71.97%,5966,74.30%,6678,77.90%,2287,72.10%,3214,72.22%,5952,74.43%,4424,73.46%,3633,72.92%,3955,75.04%,4881,71.72%,4570,74.57%,2691,71.08%,1274,,,,,,,,,,,,,,,,,,,,,,
MH7C,Have Felt Anxious/Depressed More Than Once,No,25.54%,6315,25.45%,3828,27.46%,1300,20.35%,633,26.69%,3153,24.46%,3162,25.61%,878,25.37%,3624,25.03%,1761,22.63%,1038,27.22%,1118,26.57%,1155,23.59%,1287,28.21%,1619,28.48%,944,26.39%,2254,24.84%,2333,21.30%,758,26.84%,1444,25.57%,2234,24.47%,1468,26.01%,1070,26.40%,1428,23.61%,1726,26.00%,1645,24.14%,979,27.98%,512,,,,,,,,,,,,,,,,,,,,,,
MH7C,Have Felt Anxious/Depressed More Than Once,DK/Refused,1.46%,211,1.51%,122,1.18%,45,1.22%,21,1.39%,108,1.54%,103,2.32%,37,1.05%,116,0.61%,48,1.53%,49,0.70%,27,2.33%,41,2.02%,54,0.78%,39,2.58%,39,1.64%,67,0.86%,79,0.81%,23,1.06%,42,2.21%,76,1.10%,49,0.53%,17,0.69%,45,1.35%,44,2.28%,66,1.30%,35,0.94%,17,,,,,,,,,,,,,,,,,,,,,,
MH8A,Talked to Mental Health Professional When Anxious/Depressed,Yes,43.38%,10285,45.14%,5755,43.09%,2394,59.09%,1661,40.96%,4500,45.67%,5785,37.98%,1357,44.20%,5645,53.77%,3210,40.24%,1784,42.15%,1794,38.82%,1884,49.14%,2090,48.25%,2597,40.22%,1337,41.83%,3610,43.51%,3847,51.79%,1437,54.73%,2491,45.53%,3689,37.95%,2250,38.17%,1722,39.91%,1874,40.23%,2470,42.88%,2780,51.01%,2049,52.17%,1064,,,,,,,,,,,,,,,,,,,,,,
MH8A,Talked to Mental Health Professional When Anxious/Depressed,No,55.28%,13581,53.43%,8614,55.99%,2257,40.11%,1060,57.86%,6759,52.83%,6822,59.57%,2089,54.97%,8143,45.79%,3237,59.04%,2596,57.40%,2506,59.89%,2554,48.35%,2683,49.70%,3038,56.81%,2046,57.23%,4633,55.55%,5207,46.95%,1623,43.60%,2189,53.44%,4539,60.63%,3670,61.19%,2986,57.98%,3529,59.55%,4162,55.21%,3465,47.72%,1643,47.69%,730,,,,,,,,,,,,,,,,,,,,,,
MH8A,Talked to Mental Health Professional When Anxious/Depressed,DK/Refused,1.34%,105,1.43%,58,0.92%,24,0.80%,7,1.18%,53,1.50%,52,2.45%,18,0.83%,58,0.44%,22,0.72%,24,0.45%,16,1.29%,14,2.52%,29,2.05%,22,2.97%,16,0.94%,44,0.94%,36,1.27%,8,1.67%,20,1.04%,34,1.42%,21,0.65%,12,2.10%,25,0.22%,19,1.91%,36,1.28%,13,0.13%,9,,,,,,,,,,,,,,,,,,,,,,
MH8B,Engaged in Religious/Spiritual Activities When Anxious/Depressed,Yes,43.08%,10246,56.01%,8289,24.29%,936,16.19%,367,43.86%,4805,42.35%,5441,46.13%,1756,41.84%,6078,40.14%,2315,43.03%,1935,44.51%,1904,43.41%,1932,42.19%,2021,41.57%,2270,46.16%,1583,44.91%,3696,40.82%,3627,39.40%,1279,44.07%,1632,42.26%,3167,40.89%,2826,47.32%,2470,41.21%,2300,45.72%,2979,43.85%,2802,44.67%,1498,35.03%,634,,,,,,,,,,,,,,,,,,,,,,
MH8B,Engaged in Religious/Spiritual Activities When Anxious/Depressed,No,56.34%,13303,43.52%,6067,74.72%,3709,83.35%,2353,55.61%,6268,57.03%,7035,53.32%,1672,57.57%,7529,59.37%,4014,56.14%,2372,55.13%,2347,56.21%,2456,56.88%,2689,58.05%,3284,53.68%,1796,54.46%,4527,58.34%,5181,60.26%,1734,55.30%,2949,57.17%,4911,58.84%,3057,52.39%,2210,58.21%,3032,53.63%,3489,55.61%,3381,54.87%,2183,64.14%,1150,,,,,,,,,,,,,,,,,,,,,,
MH8B,Engaged in Religious/Spiritual Activities When Anxious/Depressed,DK/Refused,0.58%,127,0.47%,71,0.98%,30,0.47%,8,0.54%,57,0.62%,70,0.55%,21,0.59%,76,0.50%,23,0.83%,29,0.36%,22,0.38%,18,0.93%,37,0.38%,20,0.16%,14,0.63%,42,0.85%,51,0.33%,19,0.62%,18,0.57%,51,0.27%,23,0.30%,16,0.58%,21,0.65%,36,0.54%,32,0.46%,19,0.83%,17,,,,,,,,,,,,,,,,,,,,,,
MH8C,Talked to Friends or Family When Anxious/Depressed,Yes,78.02%,19104,81.80%,11727,73.39%,3687,77.81%,2135,77.13%,8896,78.87%,10208,75.97%,2764,78.28%,10969,82.62%,5235,76.35%,3461,80.11%,3447,79.32%,3611,76.99%,3825,77.14%,4462,80.62%,2758,81.00%,6665,74.70%,7162,75.25%,2418,78.99%,3739,79.63%,6631,78.33%,4754,76.05%,3735,77.07%,4214,80.88%,5312,77.05%,5112,80.33%,3005,73.76%,1384,,,,,,,,,,,,,,,,,,,,,,
MH8C,Talked to Friends or Family When Anxious/Depressed,No,21.36%,4789,17.69%,2660,26.20%,967,21.91%,587,22.30%,2384,20.47%,2405,23.29%,690,21.11%,2833,17.17%,1216,22.65%,923,19.64%,854,20.63%,836,22.49%,959,21.58%,1175,19.24%,635,18.65%,1598,24.08%,1894,24.32%,637,19.74%,943,19.66%,1606,21.63%,1179,23.63%,976,22.69%,1199,18.89%,1320,22.46%,1149,18.53%,686,23.51%,410,,,,,,,,,,,,,,,,,,,,,,
MH8C,Talked to Friends or Family When Anxious/Depressed,DK/Refused,0.62%,78,0.51%,40,0.40%,21,0.28%,6,0.58%,32,0.66%,46,0.73%,10,0.61%,44,0.21%,18,1.00%,20,0.25%,15,0.05%,5,0.52%,18,1.28%,20,0.14%,6,0.34%,24,1.22%,34,0.43%,13,1.27%,18,0.71%,25,0.04%,8,0.33%,9,0.24%,15,0.24%,19,0.49%,20,1.14%,14,2.73%,9,,,,,,,,,,,,,,,,,,,,,,
MH8D,Took Prescribed Medication When Anxious/Depressed,Yes,48.85%,11191,52.17%,6887,48.45%,2301,58.58%,1431,46.90%,4967,50.70%,6224,51.54%,1783,47.31%,6419,48.41%,2904,51.50%,2145,48.53%,2096,47.50%,2083,49.64%,2190,46.97%,2549,50.16%,1674,49.50%,3953,46.41%,4022,51.58%,1472,52.68%,2284,49.86%,3856,46.34%,2758,49.14%,2160,41.63%,1879,46.16%,2633,49.41%,3079,60.19%,2326,58.43%,1227,,,,,,,,,,,,,,,,,,,,,,
MH8D,Took Prescribed Medication When Anxious/Depressed,No,50.29%,12691,46.80%,7488,51.27%,2352,41.20%,1294,52.24%,6299,48.45%,6392,46.90%,1665,52.16%,7382,51.35%,3546,47.90%,2249,51.29%,2203,50.87%,2349,49.68%,2587,51.71%,3092,48.29%,1714,49.88%,4299,52.68%,5033,48.04%,1588,45.78%,2395,49.70%,4379,52.88%,3168,50.12%,2551,57.39%,3530,53.70%,4004,49.57%,3174,38.36%,1365,40.75%,564,,,,,,,,,,,,,,,,,,,,,,
MH8D,Took Prescribed Medication When Anxious/Depressed,DK/Refused,0.86%,89,1.03%,52,0.28%,22,0.23%,3,0.86%,46,0.85%,43,1.55%,16,0.53%,45,0.24%,19,0.61%,10,0.18%,17,1.63%,20,0.68%,25,1.32%,16,1.55%,11,0.62%,35,0.91%,35,0.38%,8,1.54%,21,0.44%,27,0.78%,15,0.74%,9,0.98%,19,0.13%,14,1.03%,28,1.44%,14,0.81%,12,,,,,,,,,,,,,,,,,,,,,,
MH8E,Improved Healthy Lifestyle Behaviors When Anxious/Depressed,Yes,72.66%,17430,75.54%,10855,66.32%,3242,72.45%,1954,73.68%,8317,71.70%,9113,70.83%,2354,72.33%,10080,78.91%,4873,69.33%,3065,72.10%,3092,73.85%,3225,72.58%,3511,76.17%,4256,74.37%,2480,70.07%,6070,73.47%,6532,74.77%,2252,74.86%,3466,74.07%,6099,74.50%,4326,68.26%,3320,72.52%,3931,72.77%,4902,71.62%,4551,77.30%,2696,68.76%,1278,,,,,,,,,,,,,,,,,,,,,,
MH8E,Improved Healthy Lifestyle Behaviors When Anxious/Depressed,No,26.53%,6393,23.90%,3488,32.09%,1397,27.16%,760,25.34%,2932,27.65%,3461,28.05%,1075,26.99%,3692,20.83%,1568,29.57%,1306,27.52%,1195,25.14%,1204,26.32%,1256,23.44%,1374,24.05%,892,29.39%,2160,25.67%,2511,24.95%,801,24.67%,1210,25.71%,2128,25.16%,1576,29.67%,1369,26.61%,1462,27.02%,1722,27.32%,1690,22.39%,978,28.54%,511,,,,,,,,,,,,,,,,,,,,,,
MH8E,Improved Healthy Lifestyle Behaviors When Anxious/Depressed,DK/Refused,0.81%,148,0.56%,84,1.59%,36,0.39%,14,0.98%,63,0.64%,85,1.12%,35,0.68%,74,0.26%,28,1.10%,33,0.38%,29,1.00%,23,1.10%,35,0.39%,27,1.58%,27,0.54%,57,0.86%,47,0.28%,15,0.47%,24,0.22%,35,0.34%,39,2.07%,31,0.87%,35,0.21%,27,1.06%,40,0.31%,31,2.70%,14,,,,,,,,,,,,,,,,,,,,,,
MH8F,Made a Change to Work Situation When Anxious/Depressed,Yes,53.42%,12252,59.23%,7871,45.73%,2241,49.05%,1330,59.07%,6238,48.09%,6014,54.12%,1801,52.66%,7038,54.29%,3317,50.48%,2231,56.01%,2185,51.69%,2290,55.18%,2457,53.85%,2861,59.89%,1856,54.72%,4348,49.80%,4449,50.13%,1523,53.28%,2324,53.48%,4051,54.56%,3165,53.32%,2561,52.94%,2565,55.73%,3594,54.75%,3387,53.57%,1910,41.11%,745,,,,,,,,,,,,,,,,,,,,,,
MH8F,Made a Change to Work Situation When Anxious/Depressed,No,45.31%,11456,39.48%,6397,53.47%,2382,50.51%,1380,40.03%,4966,50.30%,6490,44.21%,1615,46.16%,6648,45.39%,3107,47.97%,2120,43.01%,2073,46.30%,2112,43.49%,2284,45.75%,2755,38.77%,1507,43.54%,3836,49.40%,4553,48.69%,1510,45.88%,2339,45.45%,4126,43.95%,2704,45.52%,2113,45.87%,2788,43.11%,3004,43.76%,2839,45.64%,1753,56.76%,1022,,,,,,,,,,,,,,,,,,,,,,
MH8F,Made a Change to Work Situation When Anxious/Depressed,DK/Refused,1.26%,263,1.28%,159,0.80%,52,0.45%,18,0.90%,108,1.60%,155,1.67%,48,1.18%,160,0.31%,45,1.55%,53,0.98%,58,2.01%,50,1.33%,61,0.40%,41,1.34%,36,1.74%,103,0.80%,88,1.18%,35,0.83%,37,1.07%,85,1.49%,72,1.16%,46,1.19%,75,1.15%,53,1.50%,55,0.79%,42,2.13%,36,,,,,,,,,,,,,,,,,,,,,,
MH8G,Made a Change to Personal Relationships When Anxious/Depressed,Yes,62.50%,14970,66.99%,9376,55.27%,2750,58.74%,1598,64.04%,7197,61.04%,7773,57.91%,2051,64.71%,8862,64.36%,3943,60.37%,2683,64.57%,2684,62.30%,2772,62.12%,2982,62.84%,3573,64.45%,2115,63.67%,5231,61.16%,5672,60.26%,1872,64.39%,2787,62.65%,5068,62.13%,3853,63.16%,3076,66.54%,3617,64.45%,4396,62.10%,3936,60.27%,2089,47.81%,874,,,,,,,,,,,,,,,,,,,,,,
MH8G,Made a Change to Personal Relationships When Anxious/Depressed,No,35.21%,8730,30.64%,4880,42.37%,1872,40.46%,1110,34.66%,4002,35.74%,4728,37.42%,1359,34.20%,4839,34.61%,2466,37.15%,1671,33.52%,1591,34.60%,1630,35.82%,1756,35.24%,2019,31.18%,1224,34.13%,2967,36.83%,3322,39.39%,1171,34.69%,1871,35.08%,3111,34.28%,2002,35.54%,1602,31.98%,1754,33.56%,2193,34.85%,2273,37.78%,1574,48.04%,894,,,,,,,,,,,,,,,,,,,,,,
MH8G,Made a Change to Personal Relationships When Anxious/Depressed,DK/Refused,2.29%,271,2.37%,171,2.36%,53,0.80%,20,1.30%,113,3.22%,158,4.67%,54,1.09%,145,1.03%,60,2.48%,50,1.92%,41,3.10%,50,2.06%,64,1.92%,65,4.37%,60,2.19%,89,2.00%,96,0.35%,25,0.93%,42,2.27%,83,3.58%,86,1.30%,42,1.48%,57,1.98%,62,3.06%,72,1.94%,42,4.15%,35,,,,,,,,,,,,,,,,,,,,,,
MH8H,Spent Time in Nature/The Outdoors When Anxious/Depressed,Yes,71.11%,17653,71.86%,10531,72.23%,3553,73.07%,2090,72.86%,8589,69.45%,9064,67.14%,2375,72.34%,10108,77.45%,5041,69.89%,3163,71.31%,3192,70.54%,3271,72.53%,3580,71.28%,4171,73.66%,2626,71.49%,6185,69.40%,6516,70.86%,2226,75.87%,3571,73.66%,6202,68.33%,4293,66.68%,3359,69.04%,3854,69.17%,4873,70.36%,4710,77.90%,2826,71.51%,1318,,,,,,,,,,,,,,,,,,,,,,
MH8H,Spent Time in Nature/The Outdoors When Anxious/Depressed,No,28.22%,6204,27.69%,3829,26.22%,1096,26.58%,629,26.74%,2673,29.62%,3531,31.87%,1067,27.18%,3682,22.04%,1398,28.59%,1218,28.32%,1103,28.96%,1162,26.97%,1196,28.46%,1463,25.68%,758,27.93%,2060,29.64%,2529,28.98%,832,23.43%,1104,26.11%,2029,30.69%,1625,32.67%,1341,30.71%,1551,30.40%,1756,28.20%,1532,21.71%,859,27.87%,475,,,,,,,,,,,,,,,,,,,,,,
MH8H,Spent Time in Nature/The Outdoors When Anxious/Depressed,DK/Refused,0.67%,114,0.45%,67,1.55%,26,0.35%,9,0.40%,50,0.93%,64,0.99%,22,0.48%,56,0.51%,30,1.52%,23,0.37%,21,0.50%,19,0.50%,26,0.26%,23,0.66%,15,0.58%,42,0.95%,45,0.15%,10,0.71%,25,0.23%,31,0.98%,23,0.66%,20,0.25%,23,0.43%,22,1.44%,39,0.40%,20,0.62%,10,,,,,,,,,,,,,,,,,,,,,,
MH9A,How Helpful Was Talking to Mental Health Professional When Anxious/Depressed,Very helpful,59.39%,6456,62.33%,3755,59.29%,1476,57.62%,968,58.96%,2752,59.76%,3704,58.60%,856,59.07%,3497,63.61%,2057,59.05%,1060,52.67%,1070,56.61%,1173,63.98%,1343,63.12%,1699,59.74%,825,61.85%,2283,58.79%,2414,54.31%,895,67.12%,1608,55.43%,2305,60.13%,1394,56.36%,1071,54.34%,1146,60.92%,1559,59.72%,1757,63.73%,1298,59.98%,666,,,,,,,,,,,,,,,,,,,,,,
MH9A,How Helpful Was Talking to Mental Health Professional When Anxious/Depressed,Somewhat helpful,29.76%,2933,27.04%,1536,30.90%,708,32.40%,521,28.95%,1327,30.45%,1606,27.09%,360,31.39%,1623,29.40%,930,26.35%,515,37.95%,575,31.61%,543,27.15%,584,27.26%,696,26.75%,404,26.48%,1004,31.47%,1091,37.27%,424,24.84%,686,34.51%,1088,31.09%,671,24.73%,448,33.93%,547,27.88%,685,29.49%,791,27.49%,597,27.70%,300,,,,,,,,,,,,,,,,,,,,,,
MH9A,How Helpful Was Talking to Mental Health Professional When Anxious/Depressed,Not helpful,9.31%,748,8.88%,385,8.56%,178,8.75%,148,10.54%,360,8.27%,388,12.29%,116,8.15%,437,5.82%,190,12.32%,180,8.08%,127,10.81%,141,6.94%,131,8.58%,164,13.36%,97,9.71%,278,7.80%,275,7.26%,95,6.71%,164,8.63%,248,7.83%,152,16.12%,176,9.29%,151,10.22%,185,9.38%,192,7.36%,132,11.24%,83,,,,,,,,,,,,,,,,,,,,,,
MH9A,How Helpful Was Talking to Mental Health Professional When Anxious/Depressed,DK/Refused,1.53%,117,1.74%,65,1.24%,24,1.23%,19,1.55%,49,1.52%,68,2.02%,23,1.39%,63,1.17%,30,2.28%,24,1.30%,14,0.96%,24,1.93%,25,1.04%,30,0.16%,6,1.96%,35,1.93%,56,1.16%,18,1.33%,28,1.44%,36,0.95%,28,2.78%,20,2.44%,23,0.98%,31,1.41%,30,1.42%,20,1.08%,13,,,,,,,,,,,,,,,,,,,,,,
MH9B,How Helpful Was Engaging in Religious or Spiritual Activities When Anxious/Depressed,Very helpful,59.64%,6776,64.28%,5767,44.94%,438,31.08%,139,55.60%,3100,63.56%,3676,58.69%,1215,61.26%,4053,55.58%,1454,61.28%,1246,57.33%,1242,54.12%,1288,61.78%,1352,63.32%,1511,63.14%,1064,60.11%,2463,56.53%,2396,61.98%,818,58.88%,1046,55.03%,2062,62.08%,1885,64.66%,1688,52.61%,1471,64.02%,2009,62.86%,1888,62.25%,1008,52.64%,376,,,,,,,,,,,,,,,,,,,,,,
MH9B,How Helpful Was Engaging in Religious or Spiritual Activities When Anxious/Depressed,Somewhat helpful,30.20%,2789,27.56%,2116,41.33%,361,39.49%,147,32.29%,1347,28.17%,1442,27.23%,409,30.92%,1646,36.76%,703,26.27%,523,30.55%,544,34.87%,525,32.32%,538,28.16%,620,29.97%,431,28.04%,1001,32.01%,964,31.91%,374,31.93%,470,35.27%,894,29.00%,770,22.31%,615,31.14%,629,27.98%,792,28.74%,748,32.09%,408,31.66%,204,,,,,,,,,,,,,,,,,,,,,,
MH9B,How Helpful Was Engaging in Religious or Spiritual Activities When Anxious/Depressed,Not helpful,8.68%,532,7.07%,307,13.09%,125,27.69%,71,10.11%,279,7.29%,253,12.65%,95,6.43%,292,5.66%,137,11.83%,126,10.63%,93,8.82%,88,3.74%,99,7.31%,118,5.91%,67,10.74%,195,8.89%,195,5.79%,70,8.10%,93,8.05%,166,7.10%,128,12.26%,134,14.48%,154,7.19%,140,5.63%,126,5.42%,68,15.31%,44,,,,,,,,,,,,,,,,,,,,,,
MH9B,How Helpful Was Engaging in Religious or Spiritual Activities When Anxious/Depressed,DK/Refused,1.48%,85,1.08%,50,0.64%,9,1.74%,9,2.00%,50,0.97%,35,1.43%,25,1.39%,46,2.00%,12,0.62%,23,1.50%,13,2.19%,18,2.16%,20,1.21%,11,0.98%,12,1.11%,23,2.56%,38,0.31%,11,1.09%,15,1.64%,22,1.82%,30,0.77%,15,1.77%,21,0.81%,23,2.76%,25,0.24%,8,0.39%,8,,,,,,,,,,,,,,,,,,,,,,
MH9C,How Helpful Was Talking to Friends or Family When Anxious/Depressed,Very helpful,63.00%,12395,67.70%,7971,57.77%,2266,53.29%,1196,64.21%,5842,61.87%,6553,65.31%,1849,62.09%,7174,61.07%,3293,63.94%,2213,59.65%,2207,61.10%,2304,65.25%,2532,64.63%,2908,68.78%,1826,65.33%,4389,60.47%,4617,54.07%,1495,69.02%,2491,59.53%,4260,61.88%,3068,65.39%,2422,60.21%,2687,63.72%,3467,66.06%,3347,62.47%,2002,61.05%,846,,,,,,,,,,,,,,,,,,,,,,
MH9C,How Helpful Was Talking to Friends or Family When Anxious/Depressed,Somewhat helpful,30.98%,5478,25.63%,3031,36.22%,1178,42.22%,810,30.29%,2508,31.63%,2970,27.48%,680,32.97%,3128,31.21%,1626,28.98%,973,34.95%,1026,31.46%,1067,28.92%,1055,31.20%,1299,26.58%,770,28.33%,1868,33.20%,2054,39.64%,764,26.90%,1050,35.58%,1989,31.30%,1355,25.98%,1015,30.08%,1214,30.62%,1511,30.08%,1439,33.31%,834,33.06%,452,,,,,,,,,,,,,,,,,,,,,,
MH9C,How Helpful Was Talking to Friends or Family When Anxious/Depressed,Not helpful,5.20%,831,5.60%,498,5.71%,172,4.05%,94,5.15%,378,5.25%,453,5.97%,146,4.43%,466,6.68%,214,5.03%,187,4.68%,140,6.94%,159,5.57%,163,3.88%,176,4.29%,103,5.20%,288,5.44%,320,5.87%,113,3.81%,135,4.29%,255,6.09%,212,6.79%,220,7.99%,215,5.47%,230,3.36%,209,3.18%,118,5.46%,57,,,,,,,,,,,,,,,,,,,,,,
MH9C,How Helpful Was Talking to Friends or Family When Anxious/Depressed,DK/Refused,0.82%,95,1.06%,54,0.31%,16,0.44%,17,0.35%,40,1.25%,55,1.24%,22,0.51%,42,1.04%,27,2.06%,20,0.72%,23,0.51%,13,0.27%,22,0.29%,17,0.35%,19,1.14%,23,0.89%,39,0.42%,11,0.27%,18,0.60%,26,0.73%,32,1.84%,14,1.72%,23,0.19%,21,0.50%,21,1.04%,18,0.43%,12,,,,,,,,,,,,,,,,,,,,,,
MH9D,How Helpful Was Taking Prescribed Medication When Anxious/Depressed,Very helpful,52.55%,6254,56.81%,4101,52.04%,1199,48.22%,668,54.03%,2755,51.26%,3499,53.76%,1107,52.58%,3563,50.48%,1539,49.01%,1185,51.30%,1127,56.77%,1185,52.03%,1233,54.72%,1444,47.86%,939,57.14%,2219,51.71%,2256,48.44%,801,56.26%,1294,49.13%,2089,54.09%,1559,53.24%,1248,46.04%,1012,57.20%,1472,51.62%,1688,56.03%,1343,54.85%,715,,,,,,,,,,,,,,,,,,,,,,
MH9D,How Helpful Was Taking Prescribed Medication When Anxious/Depressed,Somewhat helpful,35.14%,3703,32.87%,2152,32.70%,808,33.46%,544,34.84%,1677,35.40%,2026,31.39%,482,36.85%,2149,36.94%,1042,37.48%,701,33.54%,745,33.51%,671,38.96%,723,31.29%,825,39.52%,566,31.35%,1322,34.99%,1292,40.04%,500,30.57%,729,39.51%,1359,35.23%,885,31.46%,681,35.81%,619,30.65%,849,36.42%,1046,34.73%,771,39.40%,399,,,,,,,,,,,,,,,,,,,,,,
MH9D,How Helpful Was Taking Prescribed Medication When Anxious/Depressed,Not helpful,10.92%,1064,8.95%,533,14.17%,263,17.72%,195,10.05%,470,11.68%,594,12.14%,155,9.88%,620,11.93%,282,11.66%,221,14.33%,193,9.48%,197,8.13%,201,10.80%,242,10.11%,148,10.26%,363,12.02%,393,11.36%,156,12.81%,228,9.90%,354,9.33%,263,13.11%,206,16.76%,222,11.01%,267,11.19%,297,6.17%,184,5.43%,91,,,,,,,,,,,,,,,,,,,,,,
MH9D,How Helpful Was Taking Prescribed Medication When Anxious/Depressed,DK/Refused,1.39%,110,1.37%,66,1.10%,20,0.61%,14,1.07%,41,1.66%,69,2.71%,25,0.70%,53,0.64%,31,1.85%,25,0.84%,22,0.24%,14,0.88%,24,3.19%,25,2.52%,15,1.25%,30,1.27%,53,0.16%,8,0.37%,23,1.46%,38,1.36%,29,2.19%,13,1.40%,17,1.14%,30,0.77%,35,3.08%,16,0.33%,11,,,,,,,,,,,,,,,,,,,,,,
MH9E,How Helpful Was Improving Healthy Lifestyle Behaviors When Anxious/Depressed,Very helpful,65.68%,12278,68.99%,7805,68.25%,2235,59.74%,1275,67.70%,5960,63.72%,6318,62.01%,1563,67.46%,7110,68.81%,3533,62.10%,2057,61.87%,2145,66.65%,2227,69.40%,2516,68.97%,3121,66.25%,1766,67.05%,4264,64.80%,4648,63.56%,1534,70.30%,2564,63.42%,4287,65.42%,3021,66.41%,2261,62.14%,2700,68.76%,3506,66.52%,3291,67.29%,1913,62.51%,828,,,,,,,,,,,,,,,,,,,,,,
MH9E,How Helpful Was Improving Healthy Lifestyle Behaviors When Anxious/Depressed,Somewhat helpful,27.76%,4360,24.15%,2575,25.35%,841,34.52%,594,25.86%,2000,29.60%,2360,29.00%,643,26.96%,2503,27.93%,1175,27.53%,839,29.48%,781,28.53%,859,25.45%,849,27.75%,970,26.09%,610,25.41%,1527,29.39%,1575,31.79%,620,24.89%,775,30.20%,1583,28.71%,1103,24.41%,848,29.61%,995,25.83%,1194,26.55%,1079,28.59%,681,28.44%,380,,,,,,,,,,,,,,,,,,,,,,
MH9E,How Helpful Was Improving Healthy Lifestyle Behaviors When Anxious/Depressed,Not helpful,5.51%,561,5.50%,338,5.78%,122,4.93%,61,5.46%,246,5.56%,315,7.66%,106,4.57%,329,2.76%,119,9.36%,124,7.82%,128,3.90%,93,2.73%,95,3.12%,117,6.27%,78,6.64%,205,4.48%,207,4.43%,70,4.25%,86,4.62%,159,4.95%,138,8.81%,167,6.14%,155,4.98%,147,5.75%,129,4.02%,84,8.10%,46,,,,,,,,,,,,,,,,,,,,,,
MH9E,How Helpful Was Improving Healthy Lifestyle Behaviors When Anxious/Depressed,DK/Refused,1.05%,102,1.36%,66,0.62%,20,0.81%,11,0.98%,41,1.12%,61,1.33%,22,1.01%,55,0.50%,21,1.01%,20,0.83%,24,0.93%,19,2.42%,22,0.16%,17,1.39%,10,0.90%,38,1.33%,40,0.23%,14,0.56%,14,1.77%,35,0.92%,32,0.37%,14,2.11%,29,0.44%,23,1.18%,25,0.10%,6,0.95%,18,,,,,,,,,,,,,,,,,,,,,,
MH9F,How Helpful Was Making a Change to Work Situation When Anxious/Depressed,Very helpful,55.71%,7320,56.46%,4739,57.01%,1300,60.52%,817,55.64%,3717,55.78%,3603,50.57%,1021,57.87%,4200,61.85%,2044,48.59%,1230,58.43%,1281,46.50%,1329,60.99%,1511,64.26%,1800,53.61%,1129,54.19%,2633,57.87%,2640,57.87%,874,66.31%,1565,53.76%,2429,53.54%,1807,54.10%,1441,47.32%,1417,59.14%,2145,58.09%,2075,58.53%,1205,57.69%,451,,,,,,,,,,,,,,,,,,,,,,
MH9F,How Helpful Was Making a Change to Work Situation When Anxious/Depressed,Somewhat helpful,33.20%,3734,31.75%,2383,31.21%,708,30.94%,378,32.46%,1883,34.06%,1851,33.85%,549,33.74%,2156,30.41%,997,34.27%,707,32.32%,699,41.02%,714,31.56%,736,27.22%,831,35.49%,545,33.61%,1292,32.54%,1378,30.50%,496,25.60%,601,37.38%,1268,37.08%,1042,27.18%,778,41.52%,888,29.26%,1107,32.02%,990,29.20%,513,29.57%,215,,,,,,,,,,,,,,,,,,,,,,
MH9F,How Helpful Was Making a Change to Work Situation When Anxious/Depressed,Not helpful,10.12%,991,11.12%,631,10.44%,192,7.39%,103,11.14%,532,8.94%,459,14.40%,192,7.51%,559,6.93%,234,15.62%,249,8.28%,162,11.40%,203,6.86%,171,7.90%,196,10.51%,155,10.83%,358,8.55%,344,11.01%,126,7.76%,128,7.42%,284,8.53%,256,17.85%,305,10.58%,222,10.80%,288,9.16%,266,10.23%,160,11.26%,54,,,,,,,,,,,,,,,,,,,,,,
MH9F,How Helpful Was Making a Change to Work Situation When Anxious/Depressed,DK/Refused,0.97%,166,0.66%,98,1.34%,35,1.15%,24,0.76%,79,1.22%,87,1.18%,33,0.88%,96,0.81%,34,1.52%,38,0.97%,31,1.08%,36,0.59%,33,0.62%,27,0.39%,20,1.37%,57,1.03%,70,0.63%,18,0.33%,21,1.44%,61,0.85%,46,0.87%,28,0.58%,29,0.80%,39,0.73%,45,2.04%,28,1.47%,23,,,,,,,,,,,,,,,,,,,,,,
MH9G,How Helpful Was Making a Change to Personal Relationships When Anxious/Depressed,Very helpful,58.07%,9157,60.69%,5849,58.66%,1595,59.36%,979,58.17%,4318,57.96%,4839,55.68%,1209,58.21%,5412,64.03%,2473,54.54%,1574,57.17%,1594,55.54%,1665,62.87%,1823,60.58%,2296,53.92%,1308,57.83%,3207,58.78%,3460,63.14%,1136,66.91%,1819,56.70%,3096,55.82%,2300,55.33%,1831,54.54%,2154,59.99%,2723,59.97%,2443,58.37%,1324,57.40%,481,,,,,,,,,,,,,,,,,,,,,,
MH9G,How Helpful Was Making a Change to Personal Relationships When Anxious/Depressed,Somewhat helpful,32.08%,4624,28.96%,2814,32.80%,926,33.22%,496,31.53%,2265,32.63%,2359,31.68%,632,32.85%,2746,30.43%,1206,29.72%,831,33.96%,864,36.17%,910,30.88%,939,30.25%,1021,32.81%,638,31.39%,1614,33.73%,1758,28.42%,588,26.42%,774,36.32%,1628,34.71%,1244,26.48%,922,35.43%,1170,30.37%,1320,30.85%,1196,31.77%,609,29.53%,306,,,,,,,,,,,,,,,,,,,,,,
MH9G,How Helpful Was Making a Change to Personal Relationships When Anxious/Depressed,Not helpful,8.61%,918,9.50%,585,6.57%,168,6.94%,94,8.92%,468,8.30%,450,11.39%,167,7.58%,539,4.80%,203,14.13%,212,7.76%,168,7.17%,148,5.11%,174,7.95%,205,12.23%,135,9.49%,335,5.89%,323,7.98%,119,5.88%,138,5.79%,265,8.10%,237,16.60%,268,9.46%,218,8.50%,280,8.14%,233,7.54%,120,11.09%,65,,,,,,,,,,,,,,,,,,,,,,
MH9G,How Helpful Was Making a Change to Personal Relationships When Anxious/Depressed,DK/Refused,1.25%,168,0.85%,92,1.97%,36,0.48%,20,1.39%,90,1.11%,78,1.25%,32,1.35%,93,0.74%,41,1.61%,38,1.11%,34,1.12%,33,1.14%,27,1.23%,35,1.03%,23,1.29%,45,1.60%,78,0.45%,20,0.79%,35,1.18%,47,1.36%,46,1.59%,33,0.57%,24,1.14%,48,1.04%,46,2.32%,31,1.98%,18,,,,,,,,,,,,,,,,,,,,,,
MH9H,How Helpful Was Spending Time in Nature/The Outdoors When Anxious/Depressed,Very helpful,67.31%,12730,68.87%,7696,70.94%,2561,65.84%,1422,66.81%,6060,67.80%,6670,62.07%,1624,69.35%,7342,70.81%,3688,64.24%,2190,65.56%,2277,62.97%,2379,71.58%,2594,72.82%,3067,65.39%,1875,67.86%,4496,68.09%,4673,66.09%,1610,70.84%,2660,67.42%,4491,65.16%,3068,66.55%,2369,60.60%,2581,67.82%,3488,68.17%,3519,74.13%,2149,67.69%,942,,,,,,,,,,,,,,,,,,,,,,
MH9H,How Helpful Was Spending Time in Nature/The Outdoors When Anxious/Depressed,Somewhat helpful,27.25%,4159,25.04%,2377,26.55%,846,29.75%,596,28.24%,2107,26.28%,2052,29.12%,589,26.62%,2344,25.59%,1185,28.70%,821,29.27%,768,31.85%,765,23.66%,834,22.45%,924,29.32%,637,25.15%,1403,27.27%,1544,30.35%,555,26.76%,789,28.34%,1488,29.44%,1021,23.70%,801,31.65%,1028,27.78%,1168,26.81%,1033,22.32%,589,24.85%,323,,,,,,,,,,,,,,,,,,,,,,
MH9H,How Helpful Was Spending Time in Nature/The Outdoors When Anxious/Depressed,Not helpful,4.77%,518,5.70%,345,2.20%,92,4.13%,47,4.09%,273,5.44%,245,8.05%,103,3.31%,306,3.28%,104,6.31%,105,4.74%,102,5.01%,87,3.13%,102,4.41%,119,4.10%,71,6.20%,205,4.35%,199,2.92%,40,2.07%,65,3.26%,156,5.12%,146,9.23%,137,7.11%,183,4.19%,141,4.73%,107,2.50%,53,4.37%,32,,,,,,,,,,,,,,,,,,,,,,
MH9H,How Helpful Was Spending Time in Nature/The Outdoors When Anxious/Depressed,DK/Refused,0.67%,77,0.38%,39,0.31%,18,0.28%,7,0.86%,40,0.49%,37,0.76%,23,0.72%,35,0.31%,16,0.75%,16,0.43%,18,0.17%,10,1.63%,12,0.32%,19,1.20%,18,0.79%,22,0.29%,28,0.65%,9,0.32%,16,0.98%,19,0.27%,18,0.52%,20,0.63%,15,0.21%,17,0.29%,18,1.05%,16,3.10%,11,,,,,,,,,,,,,,,,,,,,,,
W27,Used Social Media in Past 30 Days,Yes,68.99%,97080,62.50%,51736,71.42%,22043,82.12%,11644,70.65%,50024,67.21%,47056,50.72%,9613,77.35%,53343,87.71%,33637,60.55%,13367,64.57%,15424,69.68%,18319,72.82%,21413,77.10%,27729,59.27%,12900,67.73%,32808,73.16%,38235,76.31%,12770,73.84%,26351,72.15%,40798,69.41%,18512,53.50%,9998,79.35%,21081,72.91%,26458,69.05%,26187,62.88%,15610,43.89%,7265,,,,,,,,,,,,,,,,,,,,,,
W27,Used Social Media in Past 30 Days,No,30.01%,21748,35.98%,13418,27.63%,4458,17.84%,2083,28.33%,10562,31.80%,11186,47.26%,6115,22.33%,11679,12.12%,3733,38.31%,4361,33.65%,4311,29.50%,4199,26.39%,4324,22.39%,4381,39.40%,4103,30.97%,8202,26.07%,6610,23.30%,2712,25.22%,4913,26.83%,7803,29.81%,4571,45.63%,3937,19.67%,2916,25.96%,3941,29.72%,4623,36.36%,4593,55.57%,5530,,,,,,,,,,,,,,,,,,,,,,
W27,Used Social Media in Past 30 Days,DK/Refused,1.00%,260,1.52%,162,0.94%,44,0.04%,8,1.02%,136,0.99%,124,2.02%,97,0.32%,89,0.17%,37,1.14%,62,1.78%,55,0.82%,53,0.79%,45,0.51%,45,1.33%,47,1.29%,98,0.77%,94,0.40%,14,0.94%,37,1.02%,83,0.79%,44,0.87%,41,0.98%,53,1.13%,57,1.23%,66,0.76%,41,0.55%,36,,,,,,,,,,,,,,,,,,,,,,
W28,How Often Use Social Media,Several times an hour,17.43%,13828,14.38%,6886,16.47%,2731,14.35%,1417,18.29%,7627,16.47%,6201,15.58%,1179,18.00%,7479,18.64%,5098,16.13%,1774,13.89%,1958,16.95%,2445,18.64%,3122,20.81%,4405,14.21%,1615,15.86%,4035,20.50%,6297,17.05%,1844,17.61%,3833,18.50%,5907,17.06%,2594,13.83%,1283,25.34%,4607,20.24%,4687,15.61%,3124,7.82%,1084,4.52%,262,,,,,,,,,,,,,,,,,,,,,,
W28,How Often Use Social Media,Almost every hour,12.36%,11381,13.20%,6146,9.58%,2429,12.65%,1255,12.87%,5845,11.80%,5536,10.33%,874,12.99%,6200,13.56%,4250,10.03%,1440,10.57%,1695,13.29%,2087,13.25%,2577,14.19%,3548,10.99%,1379,11.64%,3582,13.12%,4934,13.60%,1449,13.25%,3182,12.26%,4986,13.05%,2081,9.80%,964,16.64%,3611,13.98%,3720,11.40%,2716,7.58%,982,4.90%,296,,,,,,,,,,,,,,,,,,,,,,
W28,How Often Use Social Media,Several times a day,40.92%,45347,39.12%,23049,47.26%,11355,49.63%,6038,40.01%,23031,41.95%,22316,35.70%,3726,41.74%,24338,46.54%,17115,39.04%,5796,43.99%,6989,38.80%,8529,42.68%,10293,40.06%,13354,40.15%,5773,41.21%,15429,40.48%,17916,42.55%,6057,44.46%,12935,42.08%,19682,38.17%,8170,35.31%,3985,35.43%,8458,40.57%,12101,42.95%,13094,45.91%,8062,43.70%,3423,,,,,,,,,,,,,,,,,,,,,,
W28,How Often Use Social Media,Once a day,12.44%,13141,14.75%,7117,14.25%,3218,11.23%,1598,12.04%,6646,12.90%,6495,13.92%,1661,12.03%,7361,11.25%,4052,14.14%,2065,13.17%,2364,13.01%,2598,11.61%,2760,10.76%,3255,14.57%,1972,13.35%,4878,11.33%,4583,10.48%,1653,11.30%,3572,11.54%,5381,13.73%,2529,15.80%,1476,9.25%,1694,10.54%,2644,12.38%,3779,17.46%,3102,21.67%,1853,,,,,,,,,,,,,,,,,,,,,,
W28,How Often Use Social Media,A few days a week,6.42%,7628,8.19%,4855,6.52%,1406,7.11%,839,6.45%,3906,6.38%,3722,7.00%,1105,6.47%,4583,5.20%,1885,8.21%,1251,6.04%,1349,7.50%,1565,5.07%,1524,5.40%,1825,7.47%,1210,7.80%,2819,5.16%,2610,5.33%,963,6.25%,1647,5.23%,2813,7.44%,1804,9.92%,1243,5.19%,1509,5.77%,1876,6.63%,2013,7.05%,1351,12.25%,848,,,,,,,,,,,,,,,,,,,,,,
W28,How Often Use Social Media,Less frequently,8.60%,5224,9.77%,3466,4.74%,824,4.89%,473,8.46%,2647,8.75%,2577,13.65%,937,7.56%,3126,4.20%,1114,10.92%,934,9.49%,957,8.95%,1011,7.17%,1035,7.03%,1222,10.44%,856,8.90%,1904,7.21%,1684,9.29%,748,6.32%,1076,8.44%,1832,8.92%,1235,13.78%,982,7.29%,1116,7.02%,1295,8.99%,1310,11.64%,921,10.19%,545,,,,,,,,,,,,,,,,,,,,,,
W28,How Often Use Social Media,DK/Refused,1.83%,531,0.60%,217,1.17%,80,0.15%,24,1.89%,322,1.76%,209,3.82%,131,1.21%,256,0.61%,123,1.53%,107,2.85%,112,1.51%,84,1.58%,102,1.75%,120,2.17%,95,1.24%,161,2.21%,211,1.71%,56,0.80%,106,1.95%,197,1.63%,99,1.55%,65,0.86%,86,1.88%,135,2.05%,151,2.55%,108,2.78%,38,,,,,,,,,,,,,,,,,,,,,,
W29,How Often See Information About Health on Social Media,All of the time,9.11%,10850,13.98%,6885,11.21%,2218,7.10%,996,8.97%,5508,9.25%,5342,8.04%,1034,9.49%,6002,9.24%,3746,9.16%,1531,8.44%,1688,10.24%,2011,9.05%,2295,8.61%,3212,8.42%,1506,9.92%,3648,8.97%,4385,8.56%,1274,10.51%,2799,7.50%,4430,10.19%,2194,11.07%,1273,8.89%,2371,10.45%,3242,9.85%,3082,7.03%,1550,8.55%,575,,,,,,,,,,,,,,,,,,,,,,
W29,How Often See Information About Health on Social Media,Most of the time,16.70%,21205,19.89%,12409,18.02%,4521,16.80%,2127,15.71%,10077,17.81%,11128,13.02%,1557,18.04%,12016,18.11%,7552,15.79%,2775,16.37%,3377,16.37%,3893,17.16%,4639,17.42%,6331,14.51%,2598,17.62%,7265,17.61%,8701,15.25%,2576,17.91%,5603,15.69%,8980,17.25%,4174,17.50%,2156,18.07%,5097,17.26%,6198,16.23%,5564,15.50%,2978,14.70%,1294,,,,,,,,,,,,,,,,,,,,,,
W29,How Often See Information About Health on Social Media,Some of the time,59.38%,53966,53.54%,27683,54.59%,12345,61.03%,6844,59.13%,28029,59.67%,25937,55.85%,5184,60.53%,29570,61.58%,18962,57.15%,7301,59.62%,8517,60.00%,10357,60.76%,12103,59.10%,15217,59.18%,7186,58.36%,18379,59.50%,20833,61.35%,7355,56.84%,14551,62.37%,23124,58.94%,10274,54.13%,5261,59.62%,11585,58.60%,14471,58.68%,14582,61.19%,8971,57.34%,4062,,,,,,,,,,,,,,,,,,,,,,
W29,How Often See Information About Health on Social Media,Never,13.84%,10366,11.65%,4393,14.79%,2806,14.80%,1617,15.01%,6020,12.53%,4346,20.86%,1685,11.45%,5415,10.74%,3204,16.41%,1624,14.50%,1734,12.55%,1931,12.45%,2229,13.90%,2802,16.12%,1513,13.21%,3297,13.20%,4027,14.22%,1492,14.21%,3238,13.47%,3997,12.59%,1741,16.45%,1235,12.67%,1913,13.03%,2413,14.52%,2759,14.55%,1959,17.90%,1251,,,,,,,,,,,,,,,,,,,,,,
W29,How Often See Information About Health on Social Media,DK/Refused,0.97%,693,0.94%,366,1.39%,153,0.28%,60,1.18%,390,0.74%,303,2.24%,153,0.49%,340,0.33%,173,1.49%,136,1.07%,108,0.85%,127,0.58%,147,0.97%,167,1.77%,97,0.89%,219,0.72%,289,0.62%,73,0.54%,160,0.96%,267,1.04%,129,0.85%,73,0.75%,115,0.66%,134,0.72%,200,1.73%,152,1.51%,83,,,,,,,,,,,,,,,,,,,,,,
age_mh,Age first experienced anxiety/depression (combined WP21101 & WP21102 responses),Less than 13 years old,6.66%,1148,6.27%,654,7.97%,215,8.71%,191.00,0.07,556.00,0.06,592.00,0.06,166.00,0.08,738.00,0.05,233.00,0.09,251.00,0.07,233.00,0.04,201.00,0.07,226.00,0.05,224.00,0.04,141.00,0.06,387.00,0.08,427.00,0.10,187.00,0.09,232.00,0.08,409.00,0.06,267.00,0.04,218.00,0.13,518.00,0.07,310.00,0.03,178.00,0.04,89.00,0.04,50.00,,,,,,,,,,,,,,,,,,,,,,
age_mh,Age first experienced anxiety/depression (combined WP21101 & WP21102 responses),Ages 13-19,28.00%,6525,26.28%,3951,29.33%,1172,37.74%,825.00,0.28,3146.00,0.28,3379.00,0.22,727.00,0.33,4412.00,0.24,1328.00,0.26,1201.00,0.27,1211.00,0.29,1235.00,0.30,1291.00,0.29,1509.00,0.25,914.00,0.29,2265.00,0.30,2581.00,0.25,745.00,0.32,1404.00,0.29,2272.00,0.28,1572.00,0.24,1180.00,0.65,3594.00,0.22,1660.00,0.15,827.00,0.08,285.00,0.07,138.00,,,,,,,,,,,,,,,,,,,,,,
age_mh,Age first experienced anxiety/depression (combined WP21101 & WP21102 responses),Ages 20-29,27.17%,7743,28.59%,4781,26.00%,1341,23.84%,759.00,0.29,3857.00,0.25,3886.00,0.26,917.00,0.26,4229.00,0.36,2541.00,0.24,1337.00,0.26,1314.00,0.27,1362.00,0.29,1594.00,0.30,2060.00,0.30,1121.00,0.28,2574.00,0.25,3064.00,0.25,955.00,0.29,1500.00,0.26,2639.00,0.28,1982.00,0.28,1525.00,0.20,1231.00,0.54,3894.00,0.23,1802.00,0.13,553.00,0.08,228.00,,,,,,,,,,,,,,,,,,,,,,
age_mh,Age first experienced anxiety/depression (combined WP21101 & WP21102 responses),Ages 30-39,17.40%,4152,17.63%,2475,18.46%,894,14.04%,433.00,0.16,1877.00,0.19,2275.00,0.19,669.00,0.17,2194.00,0.17,1267.00,0.16,744.00,0.21,784.00,0.18,811.00,0.13,805.00,0.19,938.00,0.18,584.00,0.18,1452.00,0.18,1557.00,0.13,538.00,0.13,741.00,0.16,1431.00,0.20,1068.00,0.21,868.00,0.00,13.00,0.14,687.00,0.36,2449.00,0.19,745.00,0.15,243.00,,,,,,,,,,,,,,,,,,,,,,
age_mh,Age first experienced anxiety/depression (combined WP21101 & WP21102 responses),Age 40 or older,18.59%,4092,18.72%,2350,17.28%,1012,14.84%,501.00,0.19,1712.00,0.19,2380.00,0.25,905.00,0.15,2121.00,0.16,1045.00,0.21,802.00,0.18,719.00,0.19,791.00,0.18,825.00,0.15,855.00,0.21,586.00,0.17,1508.00,0.17,1349.00,0.24,601.00,0.16,777.00,0.18,1403.00,0.17,973.00,0.22,883.00,0.00,9.00,0.00,18.00,0.20,921.00,0.54,2000.00,0.65,1124.00,,,,,,,,,,,,,,,,,,,,,,
age_mh,Age first experienced anxiety/depression (combined WP21101 & WP21102 responses),DK/Refused,2.17%,307,2.51%,216,0.96%,41,0.82%,16.00,0.02,160.00,0.02,147.00,0.02,80.00,0.02,152.00,0.02,51.00,0.03,69.00,0.01,55.00,0.03,51.00,0.02,61.00,0.01,68.00,0.02,53.00,0.02,101.00,0.02,108.00,0.03,42.00,0.02,44.00,0.02,108.00,0.02,78.00,0.02,46.00,0.02,63.00,0.02,81.00,0.03,101.00,0.02,33.00,0.01,20.00,,,,,,,,,,,,,,,,,,,,,,
